interaction_id,time_of_day,device,location
1,morning,tablet,Nicholsmouth
2,morning,desktop,Elizabethberg
4,afternoon,tablet,East Alan
5,afternoon,mobile,Prattton
7,afternoon,desktop,Brownville
8,evening,desktop,Woodsview
11,morning,desktop,Taylorburgh
12,evening,mobile,East Briana
13,afternoon,desktop,Christinamouth
15,afternoon,mobile,Ianview
16,afternoon,desktop,Alexshire
17,afternoon,mobile,East Angela
18,night,desktop,Kevinburgh
19,evening,mobile,Harperhaven
23,afternoon,mobile,North Sarahshire
26,afternoon,mobile,Charlesfort
30,afternoon,mobile,Leeville
31,night,mobile,Laurachester
32,afternoon,tablet,North Nicolemouth
34,morning,tablet,New Duane
35,morning,tablet,New Jamesstad
37,morning,mobile,North Lisafort
43,afternoon,desktop,East Maryborough
44,evening,tablet,Stewartland
53,night,mobile,Johnnyfurt
54,afternoon,mobile,Brianfort
57,afternoon,mobile,South Trevorview
58,morning,tablet,Laurenside
61,afternoon,desktop,Lake Tony
65,afternoon,mobile,Williamchester
66,morning,tablet,Perezchester
75,afternoon,mobile,Melissafurt
76,morning,tablet,Paulside
78,evening,mobile,Chelseatown
80,evening,mobile,Lisaside
86,morning,desktop,Port Kristy
91,afternoon,tablet,Lake Coreyton
92,morning,mobile,Port Charlesland
93,morning,mobile,Lake Jasmineville
94,night,mobile,Lake Amandaport
97,afternoon,tablet,Andersonside
98,afternoon,tablet,Mccallview
100,morning,desktop,Lisafort
101,night,desktop,Jessicaborough
102,morning,mobile,West Katherineville
106,afternoon,tablet,Lake Kristinchester
109,evening,mobile,Hayesfort
113,evening,mobile,Lake Julieton
116,afternoon,tablet,Mitchellton
120,night,mobile,Jenniferville
122,afternoon,tablet,Goldenmouth
123,morning,desktop,Jackberg
126,evening,desktop,West Garybury
127,morning,tablet,Morrisstad
129,afternoon,tablet,Christopherhaven
131,night,desktop,Mirandaton
133,night,mobile,Gibsonstad
134,morning,mobile,Lake Phillip
135,night,tablet,Lake Chad
137,night,tablet,South Trevorfort
138,evening,desktop,New Jenniferside
139,afternoon,tablet,North Edwardchester
141,night,mobile,Josephchester
142,evening,desktop,Seanhaven
143,night,desktop,New Emilyhaven
146,evening,tablet,Theresaport
148,morning,tablet,North Joseph
149,evening,tablet,Summerston
150,evening,tablet,New Sophiamouth
151,afternoon,desktop,New Thomashaven
152,night,desktop,Chapmanland
153,night,mobile,Lawrencebury
155,night,tablet,Andreamouth
156,morning,mobile,Beardfurt
158,evening,tablet,North Nicole
159,night,mobile,Lake Jessica
161,morning,tablet,Annland
162,evening,desktop,West Lisaville
166,evening,mobile,Angelmouth
169,afternoon,tablet,Ethanchester
170,night,tablet,Albertfort
171,night,tablet,New Jacobton
172,morning,tablet,Lake Cassandraburgh
174,morning,mobile,Hoodmouth
175,afternoon,mobile,Morganton
177,evening,desktop,North Jacqueline
178,evening,mobile,Kimberlystad
180,afternoon,mobile,Johnsonstad
181,morning,desktop,Lake Todd
182,night,mobile,Brookemouth
183,night,desktop,Bishopberg
188,morning,desktop,New Richard
189,morning,mobile,Martinezbury
191,night,desktop,Lake Traci
193,evening,desktop,Port Kathryn
197,evening,desktop,Patriciabury
200,evening,tablet,New Cheryl
201,night,mobile,New Jessica
202,night,desktop,West Amanda
205,afternoon,tablet,Sarahchester
210,evening,desktop,Loganland
211,afternoon,tablet,Port Michaeltown
212,evening,tablet,East Karenmouth
213,morning,tablet,Schroederbury
215,morning,tablet,Keithland
219,night,mobile,West Nathanbury
225,evening,mobile,Schneiderborough
227,evening,mobile,Port Michelle
229,evening,desktop,East Annebury
232,evening,tablet,Jonathanfort
236,morning,tablet,Georgetown
237,morning,mobile,Haasstad
238,afternoon,mobile,Harrisfort
239,night,tablet,Marieburgh
240,night,desktop,Lake Angela
242,evening,desktop,Port Bryanburgh
243,night,mobile,Millerside
249,morning,mobile,New Kayla
252,morning,desktop,Port Benjamin
253,night,mobile,Jonesview
254,evening,desktop,Hickmanshire
257,night,desktop,Lake Elizabeth
259,night,mobile,West Heidiport
261,night,mobile,North Brittanyfurt
262,morning,tablet,West Tyler
264,evening,desktop,Sarahhaven
267,morning,mobile,Bautistafort
269,morning,mobile,Conradtown
270,morning,tablet,Walkerside
271,evening,mobile,South Bryanview
272,morning,desktop,Brianberg
276,afternoon,mobile,Briannamouth
282,evening,desktop,Parkermouth
283,afternoon,tablet,East Kathrynton
286,night,tablet,Watkinstown
287,morning,tablet,North Chelseaview
292,afternoon,tablet,Amyshire
293,morning,tablet,Marquezfort
296,night,mobile,Darrenhaven
297,evening,tablet,North Jamesview
299,evening,mobile,South Rebeccaview
300,morning,tablet,South Lauraville
302,evening,tablet,South Keith
303,night,tablet,Port Janetborough
304,night,tablet,Lake Tinaton
305,evening,desktop,Port Sydneyburgh
307,afternoon,tablet,North Amy
308,morning,mobile,Cortezstad
314,afternoon,tablet,South Michael
315,morning,tablet,New Christinastad
316,night,tablet,New Kevin
318,evening,tablet,New Danaview
319,morning,tablet,West Stacey
324,night,desktop,Jameschester
325,night,desktop,North Heatherport
326,evening,desktop,Rayton
329,evening,tablet,Lake Andrea
330,afternoon,mobile,Jasonhaven
334,morning,desktop,New Adam
337,evening,mobile,Bobbyville
338,afternoon,tablet,West Dustin
346,evening,mobile,Lewismouth
348,morning,desktop,Scottfort
351,evening,desktop,Allisonberg
352,morning,tablet,Russellville
354,morning,tablet,East Jonathan
356,night,mobile,Austinhaven
357,morning,desktop,East Sean
358,afternoon,desktop,Grimesville
362,night,desktop,New Briana
366,morning,mobile,Deborahtown
367,afternoon,tablet,Hughesview
368,morning,mobile,New Travis
369,afternoon,desktop,East Jason
371,night,desktop,Luisside
372,evening,mobile,Charlesburgh
375,evening,desktop,Ortizchester
379,night,mobile,Port Philip
381,afternoon,desktop,Michelleville
387,afternoon,desktop,Savagehaven
391,evening,tablet,New Brianmouth
392,morning,desktop,Newmanville
394,night,desktop,South Jade
395,evening,tablet,Hillton
396,evening,desktop,Adkinsmouth
397,morning,desktop,West David
403,morning,desktop,Warnerchester
405,morning,mobile,Lisachester
406,night,desktop,Nunezport
412,night,tablet,Lake Ralph
413,afternoon,mobile,West Samuel
414,evening,tablet,Melanieport
415,evening,mobile,Sandraport
417,evening,desktop,North Edwin
420,afternoon,mobile,Jamieside
422,night,mobile,West Corey
426,afternoon,tablet,West Amy
428,afternoon,mobile,Lopezshire
431,morning,tablet,Port Joseph
432,afternoon,mobile,East Michelemouth
433,night,tablet,New Cameronhaven
435,night,desktop,Tannerburgh
436,evening,tablet,Boyerville
437,morning,mobile,Pachecoberg
440,afternoon,desktop,Estesbury
442,evening,tablet,Joshuamouth
444,evening,mobile,Lake Williamchester
445,night,mobile,Jeffreyland
447,evening,tablet,Ericburgh
449,morning,tablet,Lake Bruce
450,night,desktop,Michaelhaven
452,night,mobile,Suzannemouth
455,evening,mobile,North Thomasstad
456,morning,mobile,Donaldfort
457,morning,mobile,Chanberg
458,afternoon,tablet,Bellfurt
460,afternoon,mobile,Port Alicialand
461,afternoon,tablet,Martintown
462,afternoon,mobile,East Harry
463,afternoon,mobile,North Ashleymouth
465,night,tablet,Murraychester
466,afternoon,mobile,Robertsonburgh
467,morning,tablet,South Stephaniemouth
468,morning,desktop,Cruzmouth
469,evening,tablet,Klineton
470,night,desktop,North Kristiehaven
471,night,tablet,Brittanyville
472,night,tablet,East Carlosport
473,afternoon,desktop,New Christopher
474,morning,desktop,South Jennifermouth
475,afternoon,mobile,Caldwellchester
476,afternoon,desktop,Jacksonmouth
477,afternoon,desktop,Port Stevenchester
478,morning,desktop,East Sharonside
479,evening,desktop,Mollyhaven
480,evening,desktop,West Mariashire
481,afternoon,mobile,North Sara
482,afternoon,tablet,Port Kristen
483,morning,desktop,North Kathryn
485,morning,desktop,Lawrenceburgh
486,afternoon,tablet,Jessicashire
489,afternoon,tablet,South Duane
492,night,mobile,Reedtown
493,evening,tablet,Yorkview
494,afternoon,tablet,Zacharyberg
498,afternoon,tablet,West Michelleside
499,night,tablet,Port Ethan
500,night,desktop,North Amy
504,afternoon,mobile,Stacymouth
505,afternoon,desktop,Dominguezberg
506,evening,desktop,South Rebeccaton
508,morning,mobile,Port Breannamouth
509,afternoon,desktop,Batesbury
512,morning,mobile,Morseberg
513,afternoon,tablet,East Joe
514,afternoon,tablet,Lake Pattyfort
516,morning,desktop,Susanstad
517,morning,mobile,Everettfurt
519,afternoon,desktop,Lake Brandon
520,evening,tablet,Brettview
521,morning,mobile,New Ashley
526,morning,desktop,South Jennifer
527,afternoon,desktop,Justinview
528,evening,tablet,West Shaneburgh
533,afternoon,tablet,Lake Rebekahshire
534,morning,mobile,Brettmouth
537,night,tablet,Millsbury
538,afternoon,desktop,North Joanberg
540,morning,mobile,West Jake
542,night,mobile,Taylormouth
543,morning,tablet,New Joyhaven
544,afternoon,desktop,Wilsonside
545,night,tablet,Allisonview
546,afternoon,mobile,Port Caitlyntown
547,afternoon,mobile,Parkerland
549,night,mobile,Andersonfort
552,morning,desktop,New Kimberlyberg
557,night,tablet,South Heatherchester
558,evening,desktop,Reedtown
559,evening,tablet,Smithview
560,morning,tablet,Crawfordberg
561,evening,tablet,Gravesside
563,night,desktop,Stewartmouth
566,night,desktop,Christopherbury
570,morning,mobile,Lisachester
571,evening,tablet,West Jameston
573,morning,tablet,South Dustinside
574,morning,tablet,Glassview
576,morning,mobile,Lake Peter
577,night,desktop,Duncanmouth
579,morning,desktop,West Johnview
583,morning,mobile,Jamesborough
585,night,mobile,Longfurt
586,morning,mobile,Bakermouth
594,night,tablet,Debrabury
595,afternoon,desktop,Port Elizabethtown
596,evening,desktop,Frankhaven
601,night,tablet,Lake Stacey
603,morning,mobile,Davisland
604,evening,tablet,Rodgerschester
605,evening,mobile,Ruizton
611,evening,mobile,Lake Angel
612,night,tablet,Glasston
614,morning,mobile,Lake Kevin
615,morning,desktop,North Trevor
617,night,desktop,North Margaret
618,evening,mobile,Bushshire
621,afternoon,desktop,North Elizabethtown
622,morning,tablet,Harttown
623,morning,tablet,Timothystad
624,afternoon,desktop,Jacquelinefurt
625,night,desktop,Port Deborahchester
626,afternoon,tablet,Saraport
627,evening,mobile,Robertfurt
628,evening,desktop,New Caseyland
629,afternoon,mobile,New Cynthia
632,night,desktop,South Franklin
633,afternoon,tablet,Johnsonmouth
634,night,tablet,New Douglas
635,morning,mobile,South David
636,night,desktop,North Barbara
638,evening,desktop,Calebshire
640,night,tablet,North Andres
641,morning,tablet,Lake Christiantown
644,afternoon,mobile,Edwardsbury
646,evening,desktop,East Paulville
648,night,tablet,Port Sarahmouth
650,evening,desktop,Torresport
652,morning,tablet,West Amy
658,night,mobile,Johnland
659,evening,tablet,Sarastad
661,morning,tablet,Lake Sean
662,evening,desktop,Ricardoburgh
663,afternoon,mobile,Jacksonfurt
664,evening,desktop,Copelandville
665,night,desktop,North Kelsey
667,morning,desktop,Michaelberg
670,evening,mobile,Romeromouth
673,afternoon,mobile,Josephmouth
674,evening,mobile,Kathrynfurt
676,morning,tablet,North Megan
677,night,mobile,Vanessaside
681,night,desktop,Port Amanda
684,morning,tablet,Dixonton
686,night,desktop,Middletonport
687,night,desktop,West Shawnburgh
690,evening,desktop,Reynoldston
694,afternoon,tablet,South Cristianfurt
696,night,mobile,North William
697,afternoon,tablet,Howardberg
699,evening,tablet,East Adamberg
700,evening,mobile,South Timothy
701,morning,desktop,Coxhaven
705,evening,tablet,Lake Jennifermouth
709,afternoon,mobile,West Kevin
710,morning,desktop,Isaacton
711,afternoon,desktop,Joannburgh
713,afternoon,desktop,New Coreyberg
714,evening,mobile,Barbaraburgh
715,afternoon,mobile,North Dianaville
716,evening,mobile,Thompsonmouth
718,afternoon,mobile,West Margaretburgh
720,afternoon,tablet,Jonathanside
722,night,tablet,Lake Christinaton
723,evening,tablet,Kelleyfort
724,night,desktop,West Amber
725,afternoon,desktop,East Karenhaven
726,evening,mobile,South Crystal
727,evening,desktop,Sanchezberg
728,night,mobile,Lake Danielleville
729,afternoon,desktop,Tracyview
734,evening,tablet,West Ericton
735,morning,desktop,New Lynnhaven
736,afternoon,mobile,Scottbury
738,afternoon,tablet,North Catherine
739,night,mobile,Haydenville
740,evening,tablet,South Leslie
741,night,mobile,East Eric
745,afternoon,mobile,Alexside
746,afternoon,mobile,Crosbyville
747,morning,desktop,Lake Kennethberg
751,afternoon,desktop,Aaronport
752,evening,mobile,Riceborough
755,evening,tablet,Smithstad
756,morning,tablet,Vincentland
757,night,mobile,Port Robertton
758,night,mobile,Brianport
759,morning,tablet,West Judithfort
761,morning,desktop,South Brian
762,morning,mobile,Rogerstown
763,morning,desktop,Port Melvinside
766,morning,mobile,New Wesley
767,morning,tablet,Kimberlyfort
768,afternoon,tablet,Carpenterview
769,evening,mobile,Port Kimberlyshire
771,night,desktop,Christopherborough
773,morning,mobile,Millerville
777,morning,tablet,East Heather
779,evening,tablet,Port Oliviaton
780,evening,tablet,Michaelberg
783,evening,desktop,New Jaredborough
784,evening,desktop,Martinezburgh
785,morning,tablet,Lake Thomasbury
789,evening,desktop,Christopherside
790,afternoon,mobile,Gibbsburgh
791,night,desktop,Williamport
792,evening,tablet,Davidville
793,morning,mobile,North Claytonfurt
795,afternoon,mobile,East Jody
796,night,tablet,North William
799,morning,tablet,East Adam
800,night,tablet,New Tiffany
801,night,tablet,Garyside
803,evening,tablet,Bowenbury
805,evening,mobile,Joannefort
806,afternoon,desktop,West Brandishire
807,night,mobile,Willisville
808,night,tablet,Port Alison
809,afternoon,desktop,Smithfort
810,afternoon,desktop,North Heather
812,afternoon,tablet,Leefurt
813,morning,mobile,South Mary
815,morning,mobile,Mariamouth
816,morning,desktop,Johnmouth
817,afternoon,tablet,New Sandraport
818,afternoon,mobile,Edwardsfort
819,night,tablet,Kaylaland
823,afternoon,desktop,West Yvonne
826,evening,tablet,North Maria
827,morning,tablet,South Patricia
828,night,tablet,East Michael
829,night,desktop,Derrickborough
830,night,desktop,Lake Joefort
831,evening,mobile,North Michaelbury
832,morning,tablet,Carsonhaven
833,afternoon,tablet,Rachelmouth
834,morning,desktop,Barryberg
835,evening,mobile,Port Amandaberg
843,morning,tablet,North Ryanberg
844,evening,mobile,Catherinemouth
845,morning,tablet,Lake Christian
847,evening,tablet,Newmanchester
851,afternoon,tablet,Christopherport
855,night,tablet,Port Matthewhaven
856,morning,mobile,Ronaldmouth
860,morning,tablet,Lake Nicholasfort
863,afternoon,tablet,Zacharyfurt
865,morning,desktop,Maryport
868,afternoon,mobile,Michaelbury
869,afternoon,mobile,Gomeztown
870,night,mobile,Jonathontown
871,morning,desktop,North William
873,morning,tablet,North Laurenfort
874,afternoon,desktop,Simpsonstad
877,night,desktop,Christinatown
880,night,tablet,Jonesmouth
881,evening,desktop,Durhamfurt
882,morning,desktop,Lake Julianhaven
883,night,desktop,Williamshaven
885,night,tablet,Whitechester
886,evening,mobile,Carrillofurt
890,afternoon,tablet,Millerland
894,morning,desktop,East Madison
896,night,mobile,West Jasonbury
897,night,mobile,North Samanthafort
899,morning,desktop,North Leah
900,evening,tablet,Lake Vanessachester
901,afternoon,tablet,South Michaelbury
902,night,mobile,Tammyville
904,morning,tablet,Port Crystaltown
905,night,mobile,Juliaview
908,night,tablet,North Brendaport
909,night,desktop,Elliston
910,morning,tablet,Lake Marioton
913,evening,mobile,Sandrafurt
915,evening,mobile,Davisview
917,morning,desktop,Martinezstad
918,night,desktop,Helenfurt
920,night,tablet,West Danielle
921,night,mobile,South Tyler
923,evening,desktop,Thompsonmouth
925,evening,tablet,Sethberg
926,afternoon,desktop,Port Joshua
930,evening,mobile,Changstad
931,afternoon,desktop,Woodville
934,morning,desktop,Susantown
936,afternoon,desktop,Collierbury
937,night,mobile,New Jennifer
940,morning,desktop,Hernandezland
942,morning,desktop,Mcgeeville
945,evening,mobile,North Cheyenneside
946,afternoon,tablet,Nicolemouth
948,morning,mobile,Gregorymouth
950,evening,mobile,Combsshire
952,afternoon,desktop,East Patriciaside
953,afternoon,tablet,South Rebeccaport
954,night,tablet,Josephchester
955,morning,desktop,Jenniferside
960,morning,desktop,Vancechester
961,night,desktop,East Jenniferstad
962,afternoon,desktop,Lake Josefort
963,evening,mobile,Gregorymouth
966,evening,mobile,Howeborough
968,morning,tablet,Hansonport
971,night,desktop,Mooreshire
972,morning,desktop,West Tammyburgh
975,evening,tablet,Smithbury
977,afternoon,tablet,South Brendashire
979,night,mobile,Ryanmouth
984,night,desktop,Port Justin
985,evening,tablet,Adamside
986,morning,tablet,Anthonyport
989,evening,mobile,Jacobsonton
990,evening,mobile,Port Rhonda
996,afternoon,mobile,Mossview
997,afternoon,desktop,Lake Ashley
999,afternoon,tablet,Moonport
1000,afternoon,mobile,Port Jamesland
1001,evening,mobile,South Cassandrabury
1002,afternoon,tablet,Lake Lisa
1003,morning,mobile,Matthewton
1010,evening,desktop,East Alexandraborough
1013,evening,mobile,South Brandyfort
1014,morning,desktop,Savannahstad
1016,morning,desktop,Hubbardfurt
1019,night,tablet,Port Paul
1020,night,desktop,South Ericland
1022,evening,desktop,East Andrewburgh
1024,evening,desktop,East Jonathan
1025,morning,mobile,Gallagherport
1026,morning,desktop,South Albertburgh
1028,morning,mobile,North Alvinchester
1030,morning,tablet,Matthewchester
1032,evening,desktop,Lake Johnny
1033,evening,mobile,Eatonbury
1036,evening,mobile,Lake Melissa
1039,morning,desktop,Cathyberg
1040,night,mobile,Collinsmouth
1043,night,desktop,Lake Seanchester
1044,morning,mobile,Aliceview
1045,afternoon,tablet,Parksshire
1048,evening,mobile,Port Glenn
1051,night,desktop,New Megan
1052,morning,tablet,West Zachary
1053,afternoon,tablet,New Kenneth
1054,afternoon,mobile,Johnsonhaven
1059,evening,mobile,Lake Linda
1063,evening,tablet,East Paigemouth
1067,night,tablet,New Jacobfort
1069,evening,tablet,North Michelleberg
1072,night,tablet,West Melaniefurt
1073,evening,desktop,Sosamouth
1075,evening,desktop,New Jenniferchester
1076,evening,mobile,North Seanmouth
1078,night,tablet,East Amanda
1080,evening,desktop,Port Alex
1082,afternoon,tablet,Port Julianfurt
1083,morning,mobile,Stevensfurt
1084,morning,mobile,South Jamieburgh
1087,night,mobile,Clarkburgh
1088,morning,tablet,East Tristanfort
1090,morning,desktop,Onealchester
1091,afternoon,desktop,West Lorimouth
1094,evening,mobile,East Anthonyside
1097,morning,tablet,Lopezbury
1100,afternoon,mobile,Snyderburgh
1102,afternoon,desktop,Lake Stacey
1105,morning,mobile,Lake Jordanside
1106,afternoon,mobile,Steinburgh
1107,afternoon,desktop,South Mark
1108,evening,desktop,New Sierrastad
1109,night,tablet,Turnermouth
1110,evening,tablet,Edwardsborough
1114,evening,tablet,Williamsbury
1118,morning,desktop,Port James
1119,evening,desktop,West Anthonyberg
1120,afternoon,tablet,Wolfland
1123,evening,mobile,North Patrickside
1125,morning,desktop,New Jacquelineborough
1127,night,mobile,Mullenfurt
1132,afternoon,mobile,Port Lori
1135,night,desktop,Nancychester
1136,morning,mobile,Perezmouth
1137,morning,mobile,North Michelle
1139,afternoon,desktop,South Gwendolyn
1140,night,mobile,Lake Evelyn
1141,evening,desktop,Lowechester
1142,night,tablet,South Bradleyfurt
1145,morning,desktop,North Traceyfurt
1146,afternoon,tablet,South Alexanderstad
1150,night,mobile,Taylortown
1151,morning,tablet,Allisonfort
1153,morning,mobile,Waynefort
1155,morning,desktop,Smithbury
1157,night,tablet,East Allison
1158,night,desktop,North Christopherfort
1160,morning,mobile,Olsonmouth
1161,morning,desktop,Port Diane
1164,morning,mobile,South Mark
1165,morning,desktop,Port Markmouth
1166,night,tablet,Lake Brandonport
1167,afternoon,desktop,Welchton
1168,morning,tablet,Carterchester
1171,afternoon,mobile,New Barbara
1173,afternoon,tablet,Sanchezfort
1174,morning,tablet,Lake Angela
1175,night,mobile,Alexbury
1176,morning,tablet,Jonesfurt
1177,morning,mobile,East Manuelhaven
1182,night,mobile,Jacksonton
1184,morning,mobile,Bennettfort
1185,night,mobile,Jenningsville
1191,morning,desktop,Gallowayburgh
1192,evening,tablet,Katherineville
1193,evening,tablet,New April
1199,evening,mobile,East Mistytown
1200,morning,desktop,New Juliefurt
1201,evening,tablet,Lake Susanton
1203,night,tablet,Cookfort
1204,morning,mobile,Adamsmouth
1205,evening,tablet,Mooreland
1208,night,desktop,Figueroaview
1209,evening,tablet,Williamtown
1212,afternoon,mobile,Robertton
1213,afternoon,desktop,Port Veronicafurt
1214,morning,tablet,Williamstad
1216,night,tablet,New Nicholas
1220,evening,desktop,East Roberta
1221,night,mobile,Thomasfort
1222,evening,desktop,Montgomeryshire
1223,night,desktop,Port Rachel
1229,night,mobile,South George
1230,evening,mobile,North Michelefurt
1231,night,tablet,Stephentown
1232,afternoon,tablet,Donnaburgh
1233,morning,mobile,Port Linda
1234,night,desktop,Amandamouth
1235,morning,desktop,North Arthurmouth
1236,night,mobile,Ashleyfort
1237,evening,tablet,South Donald
1238,afternoon,mobile,Austinhaven
1245,afternoon,tablet,New Rachelside
1248,morning,desktop,South Stephen
1250,night,tablet,Thomasburgh
1251,morning,mobile,East Mollybury
1253,evening,desktop,Millsborough
1256,morning,mobile,West Joshuabury
1257,morning,mobile,New Timothyshire
1258,afternoon,tablet,Mariochester
1259,morning,desktop,North Samanthachester
1260,afternoon,desktop,Hollandstad
1261,morning,desktop,East Joshuamouth
1262,night,desktop,East Hannah
1266,morning,desktop,Port Michael
1267,morning,mobile,Shelbyton
1271,evening,mobile,Amandamouth
1274,morning,desktop,Port Antonio
1278,evening,tablet,New Stephanie
1279,morning,mobile,West Jordanton
1280,afternoon,mobile,Rebeccahaven
1282,night,mobile,Reidberg
1283,afternoon,desktop,Nicholston
1284,night,tablet,Lake Amandafurt
1285,night,tablet,Velasquezfurt
1288,evening,desktop,North Donnachester
1291,evening,tablet,West Zacharyborough
1292,evening,tablet,Port Wendyland
1294,night,mobile,New Jennifer
1298,evening,mobile,Robertsonhaven
1299,evening,tablet,Leonmouth
1300,evening,tablet,Frankstad
1302,morning,tablet,New Susan
1303,morning,mobile,New Kristenburgh
1304,afternoon,tablet,North Kristin
1305,evening,tablet,Ericchester
1306,night,mobile,Lake Jessicaton
1307,afternoon,mobile,West Antoniomouth
1308,afternoon,tablet,Curtisland
1311,evening,mobile,West Thomas
1312,morning,desktop,South Robertview
1313,evening,tablet,Morganville
1317,evening,mobile,Lake Steve
1318,evening,tablet,Lake Jeffreystad
1320,night,desktop,West Robertstad
1321,afternoon,desktop,East Stacy
1323,afternoon,tablet,Bergville
1324,night,tablet,Moorestad
1326,afternoon,tablet,Gambleburgh
1327,morning,desktop,North Sarahland
1328,evening,tablet,Michaelton
1331,night,mobile,Garcialand
1333,evening,tablet,Michaelhaven
1334,morning,desktop,Carterton
1340,morning,desktop,Josephton
1341,night,desktop,Bishopton
1342,night,tablet,Nicoleborough
1346,morning,desktop,East Colleenview
1349,morning,tablet,Judyberg
1350,evening,tablet,Hooverhaven
1352,night,mobile,West Jamie
1354,night,tablet,Jenniferfurt
1361,afternoon,mobile,North Holly
1363,night,mobile,Levifort
1364,evening,mobile,East Jackborough
1365,afternoon,desktop,East Markhaven
1367,evening,mobile,Yangberg
1368,evening,mobile,Richardsontown
1369,afternoon,tablet,Morenoport
1370,evening,desktop,New Savannah
1371,afternoon,tablet,West Seanstad
1372,afternoon,desktop,Karenchester
1374,morning,desktop,New Jacobview
1375,evening,mobile,Jasonburgh
1377,night,desktop,East Jacob
1379,night,mobile,Bushborough
1380,night,mobile,Smithmouth
1382,afternoon,mobile,Sarahland
1383,morning,tablet,Monroeview
1384,evening,tablet,South Carrie
1387,night,mobile,Walterburgh
1388,afternoon,tablet,Andreatown
1390,morning,tablet,Lake Elizabeth
1391,morning,mobile,Lake Annaland
1394,afternoon,desktop,South Claudia
1396,night,mobile,Danielville
1399,morning,desktop,North Charlesmouth
1400,afternoon,desktop,New Scott
1402,night,mobile,Collinstown
1403,afternoon,mobile,Wardland
1404,morning,tablet,Townsendshire
1405,night,mobile,Johnnyton
1406,morning,mobile,Bensonstad
1409,night,mobile,Coleshire
1412,night,mobile,Ericbury
1416,evening,tablet,New Cynthia
1419,evening,desktop,Gallagherchester
1420,evening,desktop,East Janice
1423,afternoon,tablet,South Drewburgh
1424,afternoon,mobile,West Mark
1426,evening,desktop,Mitchellstad
1428,night,tablet,New Tonyfurt
1429,afternoon,mobile,East Andrea
1430,night,tablet,Beltranville
1431,afternoon,tablet,West Derrickland
1432,night,desktop,Port Lisa
1433,night,desktop,Gravesport
1435,afternoon,tablet,East Michaelmouth
1436,night,desktop,East Kennethmouth
1441,evening,desktop,Rayfort
1442,night,desktop,South Christian
1443,evening,tablet,South Maryfurt
1450,night,tablet,Debraside
1452,afternoon,tablet,Port Dawn
1454,morning,tablet,Jacksonberg
1456,afternoon,tablet,Carlafurt
1458,morning,tablet,Vanessashire
1460,morning,mobile,South Patricia
1461,morning,desktop,Port Lindsey
1463,afternoon,desktop,Walkerview
1465,evening,mobile,East Jennifer
1466,afternoon,mobile,Campbellburgh
1467,evening,tablet,Christopherton
1468,afternoon,mobile,Nancyhaven
1471,night,desktop,Andersonview
1472,morning,tablet,Savannahchester
1473,morning,mobile,Port Stephen
1474,morning,mobile,North Veronica
1475,morning,mobile,Lake Jacquelineside
1479,night,tablet,New Justinmouth
1483,afternoon,desktop,Lake Elaine
1484,morning,desktop,Lake Timothy
1485,afternoon,mobile,Lake William
1486,night,desktop,West Ambermouth
1487,night,tablet,West Mary
1490,afternoon,desktop,Georgeburgh
1491,afternoon,desktop,South Derek
1493,morning,desktop,Ianview
1495,night,mobile,Ronnietown
1496,afternoon,desktop,Stevenstown
1497,afternoon,tablet,Obrienland
1498,evening,mobile,Bradyfurt
1503,morning,tablet,West John
1505,afternoon,desktop,Ruizshire
1507,afternoon,desktop,North Hunter
1509,morning,mobile,West Deborah
1510,afternoon,mobile,East Franciscoport
1511,night,tablet,North Johnview
1512,afternoon,desktop,Matthewberg
1513,morning,desktop,Port Paula
1515,afternoon,desktop,Alyssaburgh
1516,night,desktop,Aliciashire
1517,afternoon,tablet,Robertfurt
1518,afternoon,desktop,North Theresaport
1520,evening,desktop,Waltonland
1522,morning,desktop,New Shawnborough
1523,afternoon,tablet,New Alantown
1527,afternoon,tablet,Martinberg
1529,night,desktop,Carriefurt
1530,night,desktop,Danielleview
1532,afternoon,tablet,Kaylahaven
1534,evening,mobile,North Edwardfurt
1535,evening,mobile,Port Steven
1537,night,tablet,Markville
1538,afternoon,desktop,Port Jonathanview
1539,evening,desktop,North Tracy
1540,morning,desktop,Courtneyhaven
1542,afternoon,tablet,Patrickberg
1543,night,desktop,Vazquezview
1544,evening,tablet,Rileyside
1545,night,tablet,Torresport
1546,night,tablet,East Nicole
1548,evening,mobile,South Richard
1550,night,tablet,Lewisland
1552,evening,desktop,Alvarezview
1555,evening,mobile,Port Jennifer
1557,evening,tablet,West Christopher
1560,afternoon,tablet,Lake Andrea
1561,evening,desktop,West Lisaborough
1563,morning,mobile,Janemouth
1564,evening,tablet,New Chelsea
1566,night,desktop,West Natalie
1567,afternoon,desktop,North Alexanderview
1572,afternoon,desktop,Williamshire
1573,afternoon,tablet,North Jonathanfort
1574,morning,tablet,Stevenfurt
1577,morning,tablet,South James
1581,morning,mobile,Port Emily
1583,evening,tablet,Doughertychester
1586,morning,tablet,Lake Miguel
1588,evening,desktop,South Kimberly
1591,morning,tablet,North Elizabeth
1592,evening,tablet,Raymondfurt
1594,evening,tablet,South Charles
1595,afternoon,tablet,New Marioberg
1597,night,mobile,West Shaun
1598,morning,desktop,Port Josephbury
1599,night,tablet,Port Keithville
1600,afternoon,tablet,Port Randall
1604,morning,mobile,North Robert
1605,afternoon,tablet,Priceport
1610,night,mobile,Port Craig
1611,afternoon,tablet,Jasonshire
1612,night,desktop,Frenchview
1615,night,mobile,New Kimberlyport
1620,night,desktop,Amandafort
1623,afternoon,desktop,Port Nicoletown
1624,morning,mobile,West Ericstad
1626,night,mobile,Jessicaborough
1628,afternoon,tablet,Michaelborough
1629,afternoon,mobile,Brandihaven
1630,afternoon,tablet,East Katrinachester
1631,evening,mobile,Myersfurt
1634,morning,tablet,Martinton
1636,afternoon,desktop,Port Joseph
1639,evening,desktop,Kristyborough
1641,evening,mobile,Robertsmouth
1642,morning,desktop,Joneston
1645,night,mobile,West Josephfurt
1647,evening,tablet,East Susan
1649,night,tablet,Perezstad
1652,evening,desktop,Hillstad
1654,night,mobile,Fergusontown
1657,morning,mobile,Port Arianastad
1662,evening,desktop,Kyleport
1666,night,tablet,East Laurie
1667,night,tablet,Danielfurt
1669,night,desktop,West Rachel
1670,morning,mobile,East Davidburgh
1672,evening,desktop,Amybury
1673,afternoon,mobile,South Renee
1680,night,tablet,Port Virginia
1681,morning,tablet,Andersonville
1682,morning,mobile,Port Michaelside
1686,afternoon,mobile,Stevensonfurt
1690,night,desktop,Port Donaldshire
1695,afternoon,tablet,Port Lisa
1704,morning,desktop,New Amandaton
1705,night,tablet,North Angelatown
1709,night,mobile,North Sean
1714,afternoon,desktop,Claireport
1715,afternoon,tablet,Lake Kyleport
1716,morning,desktop,Clarkview
1717,afternoon,desktop,Jonfurt
1718,afternoon,mobile,Port Theresastad
1719,morning,mobile,North John
1720,afternoon,mobile,North Julieburgh
1721,evening,tablet,Simmonsfurt
1722,morning,tablet,Port Michaelborough
1723,evening,tablet,Phillipsbury
1724,morning,tablet,South Courtney
1725,evening,mobile,West Kathryn
1726,night,tablet,Johnsonbury
1729,evening,tablet,Guzmanland
1735,afternoon,desktop,New Davidton
1736,morning,desktop,East Laurafurt
1737,evening,mobile,Thomasview
1739,evening,mobile,West Kylechester
1740,afternoon,tablet,Rachelberg
1741,night,mobile,Dayborough
1742,afternoon,desktop,North Lisatown
1743,afternoon,mobile,Kelleytown
1745,evening,tablet,Lake Eric
1747,afternoon,desktop,Benjaminmouth
1750,morning,tablet,East Brianbury
1752,evening,tablet,Anneview
1753,night,desktop,Lake Geoffreymouth
1757,afternoon,tablet,East Cory
1758,afternoon,mobile,South Kimberlyfort
1759,evening,desktop,Hansonville
1761,evening,mobile,Robertmouth
1765,evening,tablet,Hintonstad
1766,afternoon,mobile,Powellberg
1773,afternoon,tablet,Longshire
1775,morning,desktop,Scottburgh
1776,night,desktop,Joshuachester
1777,afternoon,desktop,Waltersborough
1778,night,desktop,Lake Brittanyview
1781,night,tablet,Gloverton
1787,evening,tablet,Michaelview
1790,night,mobile,Stacymouth
1791,afternoon,desktop,Karitown
1793,night,tablet,New Ryanfort
1797,morning,desktop,Roweton
1799,night,tablet,Delgadomouth
1800,afternoon,desktop,Kimberlyland
1806,night,mobile,Kevinview
1807,afternoon,mobile,Saraton
1808,night,tablet,West Cynthia
1809,evening,mobile,Lake Angelaborough
1810,morning,desktop,North Jennifertown
1811,night,tablet,New Tyler
1813,afternoon,mobile,Gillespieview
1816,afternoon,tablet,South Dustin
1817,afternoon,mobile,North Kevinmouth
1818,morning,desktop,Harringtonton
1820,evening,desktop,Bryantland
1821,morning,tablet,Jenniferton
1822,afternoon,mobile,West Lisa
1824,afternoon,mobile,Port Timothy
1825,afternoon,tablet,North Oliviaside
1830,afternoon,desktop,Richardland
1831,night,tablet,Knoxville
1837,night,desktop,Austinville
1838,afternoon,mobile,Parksbury
1840,afternoon,desktop,Vasquezside
1841,morning,tablet,Josephfort
1842,afternoon,desktop,East Jason
1844,night,desktop,Guzmanland
1847,afternoon,tablet,East Adamtown
1849,night,mobile,Robinsonville
1851,morning,tablet,West Joshualand
1852,night,mobile,Mullinston
1853,morning,mobile,Robertsberg
1854,afternoon,desktop,West Josephport
1856,morning,mobile,West Matthewside
1857,evening,desktop,Clarkhaven
1858,night,tablet,East Codytown
1860,night,tablet,New Carolfort
1861,night,mobile,Stephaniestad
1864,morning,desktop,East Angela
1868,night,mobile,Castroside
1869,afternoon,desktop,Melissaborough
1871,morning,mobile,South Johnstad
1872,afternoon,desktop,East Philip
1875,evening,tablet,Dennisland
1877,morning,desktop,Maxtown
1879,night,mobile,Port Brittanystad
1880,evening,desktop,Davisland
1882,night,desktop,Tamarafort
1883,morning,desktop,West Christophermouth
1886,evening,tablet,East Barbara
1887,night,tablet,Leslieland
1891,night,desktop,New Lindseytown
1892,evening,tablet,Lake Linda
1893,afternoon,desktop,East Gary
1894,afternoon,tablet,South Michelle
1896,evening,tablet,Contrerasport
1898,morning,tablet,Millerside
1900,morning,desktop,Tylerborough
1901,morning,mobile,Turnerville
1903,afternoon,desktop,Williamstown
1906,morning,mobile,Jessicastad
1908,evening,tablet,Fosterbury
1909,evening,tablet,East James
1912,evening,desktop,Travistown
1914,evening,tablet,South Rachel
1916,evening,desktop,Robinsonmouth
1918,afternoon,desktop,Jonesmouth
1920,night,desktop,West Jean
1922,morning,tablet,Davidberg
1923,night,desktop,Barkerborough
1924,night,mobile,Port Ginaton
1927,morning,desktop,Derekbury
1928,afternoon,mobile,Port Claire
1930,afternoon,mobile,Lorimouth
1931,afternoon,mobile,West Kyle
1933,afternoon,tablet,West Joel
1937,morning,mobile,Port Jennifer
1938,evening,desktop,West Samanthaside
1941,night,tablet,New Johnbury
1946,afternoon,desktop,Onealfort
1948,afternoon,desktop,Cuevasville
1951,night,tablet,Cassandraport
1954,night,tablet,Moralesbury
1956,night,tablet,New Paulhaven
1959,night,mobile,West Lauren
1961,evening,mobile,Jasmineville
1962,afternoon,mobile,South Keith
1963,afternoon,mobile,West Alyssa
1965,morning,mobile,South Sydney
1966,night,desktop,Lisachester
1968,night,desktop,North Kyle
1971,morning,desktop,North Alexanderton
1973,afternoon,mobile,Port Davidview
1975,morning,tablet,New Steventon
1977,night,desktop,Bartonview
1980,afternoon,desktop,West David
1982,morning,desktop,Ronaldmouth
1985,night,tablet,West Samanthamouth
1991,afternoon,desktop,Lake Robertchester
1992,afternoon,tablet,Fosterview
1993,night,mobile,New Andrewfurt
1996,evening,tablet,Ruizchester
1997,morning,tablet,Campbellstad
1999,morning,desktop,Phillipsfort
2000,night,desktop,Lake Alicialand
2001,morning,mobile,Crawfordstad
2003,morning,mobile,East Cristianshire
2004,night,desktop,West Nathanielton
2007,evening,mobile,Amandamouth
2009,afternoon,desktop,Port Ericbury
2011,evening,mobile,North Dawnville
2012,morning,mobile,Sullivanstad
2015,night,tablet,South Davidmouth
2018,afternoon,desktop,Lake Jason
2019,night,desktop,Brooketown
2021,afternoon,tablet,Lake Katrina
2024,evening,desktop,Williamberg
2027,afternoon,desktop,Gaybury
2028,evening,tablet,Laneville
2031,evening,tablet,Wandaview
2032,night,mobile,Danielland
2034,afternoon,mobile,North Carlastad
2036,evening,mobile,Port Dylan
2037,evening,tablet,South Michelleburgh
2038,morning,mobile,North Eric
2041,night,desktop,East Troyfurt
2042,morning,mobile,Port Veronica
2043,morning,mobile,Jameston
2047,evening,tablet,Port Nicolemouth
2048,evening,tablet,Davismouth
2052,afternoon,desktop,Kaitlinmouth
2053,morning,tablet,Lake Kristenberg
2054,afternoon,tablet,South Reneeburgh
2056,night,mobile,North Albertport
2059,afternoon,tablet,South Emily
2060,afternoon,mobile,Littlehaven
2061,evening,desktop,Gentryhaven
2062,morning,mobile,East James
2063,afternoon,mobile,New Nicolemouth
2065,evening,desktop,Port Jenniferville
2066,evening,tablet,East Erin
2071,morning,mobile,West Ritamouth
2072,night,desktop,Dianahaven
2074,morning,desktop,Schmidtbury
2075,afternoon,desktop,West John
2076,afternoon,desktop,Port Kevin
2079,morning,desktop,Moyerbury
2082,afternoon,mobile,East Andrew
2084,morning,mobile,South Triciachester
2085,night,desktop,Lake Theresa
2086,afternoon,tablet,Helenville
2088,morning,mobile,Sandrabury
2091,morning,tablet,Richardside
2094,afternoon,desktop,Kingberg
2097,morning,tablet,Robinbury
2098,night,tablet,Lake Nathanport
2099,night,tablet,West Joseph
2101,night,desktop,Lake Norman
2104,afternoon,mobile,East Phillip
2105,night,desktop,Murphyville
2109,morning,desktop,Christianbury
2111,night,desktop,Shannonton
2113,afternoon,mobile,Mackenziestad
2114,morning,tablet,Matthewhaven
2115,morning,tablet,Port Robertfurt
2118,night,mobile,Lucashaven
2121,evening,tablet,Port Danielberg
2124,morning,tablet,Brownshire
2129,morning,mobile,Daniellechester
2130,evening,mobile,Brownshire
2131,morning,mobile,West Richard
2132,morning,mobile,Christinaborough
2135,morning,mobile,West Courtneychester
2136,night,mobile,Hallhaven
2138,evening,desktop,South Danielle
2141,night,tablet,East Eric
2142,morning,mobile,Sherribury
2146,morning,mobile,East Mitchell
2148,evening,mobile,New Vanessachester
2149,afternoon,tablet,North Tracy
2150,evening,mobile,Sarahton
2152,night,mobile,Port Travis
2153,morning,tablet,North Christineview
2156,evening,mobile,Samuelfort
2157,night,tablet,South Heidishire
2158,night,tablet,Stewartborough
2159,night,tablet,Maryville
2160,morning,mobile,Billyfurt
2166,morning,tablet,Rossborough
2169,afternoon,mobile,Jasonshire
2170,evening,mobile,Trujilloton
2172,night,tablet,Lake Jason
2173,night,tablet,Jamesborough
2175,afternoon,mobile,Kellerhaven
2177,morning,tablet,Mannville
2178,evening,desktop,Port Elizabethfort
2179,night,desktop,Harrisonton
2180,morning,mobile,Port Robertchester
2181,evening,tablet,Barrymouth
2183,morning,tablet,Port Williamshire
2185,evening,desktop,North Adammouth
2186,morning,desktop,Harperberg
2191,afternoon,mobile,Port John
2193,night,mobile,Wilsonchester
2194,evening,tablet,Thomaschester
2195,night,mobile,North Denise
2197,morning,desktop,East Caseyview
2199,morning,desktop,Port Joshua
2201,morning,desktop,Barronberg
2203,night,mobile,New Juliefort
2204,afternoon,desktop,Lake Tiffanystad
2205,evening,mobile,New Amberport
2206,evening,mobile,Joshuaville
2210,morning,desktop,Port Bryan
2211,evening,tablet,Wilsonville
2212,morning,desktop,Jamesberg
2213,night,tablet,Jonesbury
2214,afternoon,desktop,North Marcfurt
2217,night,mobile,Thompsonton
2226,morning,mobile,Deanchester
2228,afternoon,mobile,Port Andre
2233,morning,desktop,Port Thomas
2234,afternoon,mobile,Hernandezberg
2239,night,tablet,West Seanmouth
2240,night,desktop,Patrickburgh
2242,morning,desktop,Ginashire
2243,afternoon,mobile,Port Kristenport
2244,afternoon,desktop,Willisstad
2246,evening,tablet,South Roger
2247,evening,mobile,Port Matthewhaven
2248,evening,mobile,Shirleyton
2249,evening,mobile,Brianport
2254,night,desktop,East Laurenstad
2256,afternoon,mobile,Lake Jeremyhaven
2258,afternoon,desktop,Reevesport
2263,evening,desktop,Jeremyshire
2264,afternoon,desktop,Perezhaven
2268,afternoon,desktop,Tylerville
2271,evening,mobile,Meganton
2274,afternoon,desktop,Reedside
2281,night,mobile,West John
2282,morning,mobile,Ruizmouth
2284,afternoon,tablet,Port Alanside
2285,morning,tablet,North Christopher
2286,morning,tablet,West Ashley
2291,night,mobile,Port Andrea
2300,evening,tablet,Shellyton
2302,morning,tablet,Lake Bruce
2303,morning,desktop,Matthewtown
2305,afternoon,tablet,Port Michaelfort
2306,morning,mobile,East Victor
2307,evening,tablet,Hammondville
2312,afternoon,tablet,Jeffreyland
2313,afternoon,desktop,Lake Matthew
2314,evening,tablet,Bakershire
2316,afternoon,desktop,Ryanburgh
2317,morning,tablet,Kennethport
2318,afternoon,tablet,West Danielle
2319,night,tablet,South Michaelborough
2325,evening,desktop,Port Austin
2326,night,tablet,New Joshua
2328,afternoon,mobile,South Carolburgh
2329,afternoon,mobile,Lake Craig
2331,afternoon,mobile,Mckinneyview
2336,morning,mobile,Alvaradoville
2337,evening,tablet,South Jamesstad
2339,morning,tablet,East Amandaville
2343,night,tablet,Lake Cindyville
2344,afternoon,mobile,South James
2345,afternoon,mobile,Thomasland
2347,evening,desktop,Ericaborough
2351,afternoon,desktop,East Amyberg
2352,afternoon,tablet,Reyesville
2353,evening,desktop,Welchside
2354,night,desktop,New Tiffany
2359,morning,mobile,Greenmouth
2361,afternoon,tablet,Blakefurt
2365,evening,mobile,New Stevenstad
2367,night,mobile,West Todd
2372,night,mobile,South Sandra
2373,evening,tablet,North Abigailmouth
2374,evening,tablet,Espinozafort
2377,morning,mobile,Lake Nancy
2379,morning,desktop,Walterberg
2380,evening,tablet,New Kevinland
2381,morning,tablet,Hopkinsville
2383,evening,mobile,Port Randychester
2384,morning,mobile,Ricardoshire
2385,afternoon,tablet,Russellchester
2387,afternoon,desktop,South Alexandrabury
2389,morning,tablet,West Emily
2391,morning,mobile,Stewartfurt
2392,morning,desktop,Brandonville
2394,afternoon,desktop,Diazhaven
2396,morning,tablet,West Kathleen
2397,morning,mobile,Philipstad
2400,night,tablet,New Ronald
2401,evening,mobile,New Jesseside
2402,evening,mobile,Lake Natalie
2406,morning,mobile,West Chaseport
2409,night,mobile,West Vincentville
2413,night,desktop,East Richardview
2414,evening,tablet,New Alvin
2417,morning,desktop,Oneillshire
2421,morning,tablet,Chandlerchester
2423,evening,mobile,Johnsonborough
2424,evening,desktop,New Lindsay
2425,night,mobile,Lake Codychester
2426,night,desktop,Lake Jessicahaven
2428,morning,mobile,Juanchester
2430,morning,tablet,East Amy
2431,evening,desktop,Haleymouth
2432,night,mobile,West Tracy
2433,morning,tablet,Sabrinaport
2434,morning,mobile,South Terrihaven
2435,evening,tablet,Teresaport
2436,night,mobile,North Sherry
2439,morning,tablet,Shaneview
2440,night,tablet,Lake Evelynview
2441,afternoon,mobile,Benjaminstad
2443,evening,tablet,Pottermouth
2444,night,desktop,Hillchester
2446,morning,mobile,East Monica
2448,evening,tablet,Parsonsstad
2449,morning,tablet,New Kim
2451,morning,desktop,Paigeshire
2453,evening,mobile,New Steven
2454,night,mobile,South Lisaview
2455,morning,desktop,Madelinemouth
2457,morning,mobile,Lake Dianetown
2458,morning,mobile,Kaisershire
2459,evening,tablet,East Jessicabury
2461,evening,tablet,West Sarah
2462,evening,desktop,Martinfort
2463,night,mobile,Bethanyberg
2470,morning,desktop,Port Mollyton
2473,evening,tablet,Brandonmouth
2481,morning,tablet,Brenttown
2484,evening,desktop,Dannyhaven
2485,afternoon,mobile,Lake Kendrafort
2486,night,desktop,West Brandonchester
2491,morning,tablet,West Brianville
2492,morning,desktop,Orozcoside
2497,afternoon,mobile,Kellyhaven
2499,afternoon,desktop,Colemanhaven
2501,evening,desktop,West Tammyfurt
2505,evening,mobile,North Lindaland
2506,night,mobile,Mercerfort
2507,morning,mobile,Davidbury
2508,night,tablet,North Nancyfort
2512,evening,desktop,North Michelleburgh
2513,evening,desktop,Wrightfurt
2514,afternoon,tablet,East Virginiaside
2516,evening,desktop,Wrightfort
2517,evening,mobile,West Josephbury
2518,night,mobile,New Kenneth
2519,evening,desktop,Lake Pamela
2520,morning,mobile,East Genechester
2521,afternoon,mobile,Samanthaville
2522,night,desktop,Jasonhaven
2525,morning,desktop,Pattersonchester
2530,evening,mobile,Caitlinborough
2532,morning,tablet,East Wesleyhaven
2533,evening,tablet,Laneburgh
2536,afternoon,mobile,Williamsberg
2537,afternoon,tablet,Lake Theresa
2538,evening,desktop,Susanshire
2539,evening,desktop,Jimenezburgh
2545,evening,desktop,West Rebecca
2547,afternoon,desktop,Garciafort
2553,afternoon,tablet,Port Michael
2555,morning,tablet,West Samuel
2559,night,tablet,East Thomas
2561,evening,desktop,Lake Nataliefort
2565,evening,tablet,Wyattburgh
2567,morning,mobile,Port Jamiefurt
2569,evening,desktop,Frankfurt
2572,evening,mobile,Robertburgh
2573,afternoon,mobile,Ashleyland
2575,night,mobile,Frederickbury
2576,morning,desktop,Davidland
2579,morning,mobile,Port Abigail
2582,night,desktop,Jesuston
2583,afternoon,tablet,Wisehaven
2585,evening,tablet,Port Stephaniefort
2586,night,desktop,East Charlestown
2588,evening,mobile,Jodyfort
2589,afternoon,desktop,Hayesmouth
2590,afternoon,desktop,New Patriciahaven
2592,morning,tablet,Port Lisahaven
2593,evening,desktop,North Vanessaside
2594,morning,tablet,Port Shelby
2596,night,mobile,Jonchester
2597,morning,desktop,Alishaview
2598,evening,tablet,Port Bradley
2599,evening,mobile,Joyberg
2601,afternoon,desktop,Jacobsland
2603,morning,tablet,New Lisamouth
2607,morning,tablet,Jenniferborough
2608,evening,mobile,Santosmouth
2612,evening,tablet,Davidshire
2614,morning,tablet,East Tinaburgh
2615,night,desktop,Salasberg
2621,night,tablet,North Robertborough
2623,morning,tablet,Underwoodville
2627,morning,desktop,East Nicholas
2628,morning,desktop,Jaredfurt
2630,morning,desktop,Grayview
2632,morning,desktop,Brandimouth
2635,night,tablet,Port John
2639,evening,mobile,Lake Williamside
2640,morning,mobile,Tracyport
2643,night,tablet,North Karenstad
2646,night,desktop,West Michael
2649,night,tablet,Jamesmouth
2651,night,desktop,Lake Stefanie
2655,afternoon,mobile,Wilsonton
2656,evening,tablet,Port Julieshire
2657,night,mobile,Jessicamouth
2661,afternoon,tablet,North Nicolechester
2662,night,mobile,West Kiara
2663,evening,mobile,North James
2664,afternoon,desktop,Port Timothyfort
2665,night,tablet,Jerrybury
2666,afternoon,mobile,Port Nicholasshire
2667,night,tablet,North Joshuafurt
2668,morning,desktop,Lake Donald
2669,night,tablet,New Jason
2671,evening,mobile,South Rebecca
2676,afternoon,tablet,East Markport
2679,morning,desktop,North Joshua
2681,night,mobile,Lake James
2682,afternoon,tablet,Tyronefurt
2684,evening,tablet,Lake Melaniechester
2685,night,desktop,Wilsonbury
2688,night,mobile,Heidibury
2689,afternoon,mobile,West Anthonyberg
2692,evening,tablet,Ashleymouth
2694,evening,tablet,Troybury
2695,evening,mobile,Davidview
2697,afternoon,tablet,South Jacquelinefurt
2699,morning,tablet,Lake Bryan
2705,afternoon,desktop,Jacobbury
2706,evening,tablet,West Matthew
2710,afternoon,mobile,West Andrewtown
2711,evening,tablet,Stokesborough
2715,night,tablet,East Angela
2718,night,tablet,Nicholasstad
2721,evening,desktop,Lopezfurt
2723,evening,desktop,Kimberlyfurt
2725,evening,mobile,Port Danport
2730,afternoon,tablet,Davishaven
2731,evening,mobile,Janeland
2732,afternoon,tablet,Tonyamouth
2733,afternoon,desktop,Garrettborough
2734,evening,desktop,Moralesbury
2735,night,mobile,Deannafurt
2736,evening,mobile,Kaylaside
2737,night,tablet,East Kristin
2738,evening,mobile,East Stephaniechester
2739,evening,desktop,Frazierland
2741,afternoon,mobile,Hernandezland
2742,afternoon,tablet,North Terrancefurt
2744,morning,tablet,Port Katelynport
2747,afternoon,desktop,Smithtown
2748,afternoon,tablet,Angelberg
2749,morning,desktop,Port Dantown
2754,night,mobile,West Rhondaville
2755,afternoon,desktop,Lunafort
2757,evening,tablet,Port Krista
2758,evening,desktop,Russellhaven
2761,afternoon,desktop,Hayesshire
2762,afternoon,tablet,Michelleport
2763,morning,mobile,Maynardbury
2764,evening,tablet,South Monicaport
2765,afternoon,desktop,Port Randyberg
2767,evening,mobile,East Michaelton
2769,morning,desktop,Mariestad
2774,night,tablet,South Cassandraside
2775,morning,desktop,New Austin
2776,night,desktop,Burkemouth
2778,afternoon,tablet,West Kyle
2780,night,mobile,East Ashley
2781,evening,tablet,Lake Kimberly
2782,evening,mobile,Thomaston
2785,night,tablet,Cardenasberg
2787,evening,tablet,Carterport
2789,morning,mobile,Klinemouth
2791,afternoon,tablet,West Jacqueline
2792,morning,tablet,West Rogerfort
2794,evening,tablet,Lake Jamesview
2796,evening,desktop,Millermouth
2797,night,desktop,West Kenneth
2798,night,mobile,Port Christine
2799,night,desktop,Boothview
2800,morning,tablet,Port Davidhaven
2805,morning,desktop,North Shawn
2806,morning,mobile,Lake Tracyburgh
2808,afternoon,mobile,Port Brandon
2809,evening,mobile,East Larrymouth
2810,morning,tablet,Alexandrafort
2812,morning,mobile,East Latasha
2814,morning,tablet,Port Jade
2816,evening,mobile,Port Peggybury
2817,morning,desktop,Jessicamouth
2820,night,tablet,Whitemouth
2821,afternoon,tablet,Chavezport
2823,afternoon,tablet,Fowlerberg
2827,evening,desktop,North James
2828,night,tablet,Johnsonstad
2829,night,desktop,North Jessefurt
2830,morning,tablet,Taylorland
2831,night,desktop,North Devon
2832,afternoon,desktop,Dianebury
2833,morning,mobile,Nancymouth
2839,afternoon,mobile,Jamesborough
2841,morning,mobile,Hebertmouth
2842,evening,tablet,Lake Christinefurt
2843,night,desktop,Michaelland
2844,evening,tablet,North Tylerfort
2846,evening,tablet,Julieburgh
2852,night,desktop,Lindaville
2853,morning,tablet,Peterview
2854,night,tablet,New Davidmouth
2856,morning,desktop,East Susanbury
2859,morning,desktop,Lake Brenda
2863,afternoon,desktop,Lake David
2865,night,tablet,New John
2866,evening,desktop,Williamchester
2867,evening,tablet,North Davidmouth
2868,morning,tablet,Ortizside
2870,night,tablet,Paulport
2871,afternoon,desktop,New Jeffreyview
2872,evening,mobile,Noahburgh
2874,afternoon,desktop,Ortizshire
2875,morning,mobile,Cunninghamburgh
2877,morning,desktop,Greenville
2879,morning,desktop,Leeville
2880,evening,tablet,West Jodi
2883,night,desktop,Port Terriside
2884,afternoon,desktop,Port Derrick
2885,morning,tablet,Heatherview
2887,morning,mobile,Jenniferburgh
2888,afternoon,mobile,West Christina
2890,evening,desktop,South Elizabeth
2891,night,tablet,Armstrongburgh
2893,afternoon,mobile,South Jamesberg
2894,afternoon,tablet,North Benjamin
2896,morning,tablet,New Ashleymouth
2897,night,desktop,Mccartymouth
2898,night,desktop,North Jaredburgh
2899,night,mobile,Rosalesburgh
2900,morning,tablet,Paynemouth
2902,evening,desktop,East Alexandra
2904,afternoon,desktop,Longville
2908,night,desktop,Lake Kennethland
2909,afternoon,desktop,New Ariel
2910,evening,tablet,Kingport
2916,afternoon,desktop,Paulstad
2917,morning,desktop,West Erik
2919,evening,desktop,Jeremyville
2920,afternoon,mobile,Frederickport
2921,evening,desktop,Aguilarborough
2923,night,mobile,South Margaretfort
2924,night,mobile,Phyllisburgh
2926,evening,desktop,Lake Brianshire
2927,evening,tablet,Kathychester
2929,afternoon,mobile,Schroedermouth
2931,morning,mobile,Marcshire
2932,morning,tablet,New Kevin
2934,evening,mobile,Port Joshuaberg
2937,afternoon,tablet,North Jessica
2938,night,desktop,East Yvonne
2940,afternoon,mobile,Matthewton
2943,evening,tablet,Ramosmouth
2947,evening,tablet,Lisaview
2948,morning,tablet,Lisastad
2949,evening,desktop,South James
2950,afternoon,mobile,Willieburgh
2953,evening,mobile,Hannahfort
2955,evening,desktop,Deanside
2956,night,tablet,Schultzstad
2960,night,mobile,Chanville
2962,morning,mobile,West Stephanie
2963,morning,mobile,Jamiefort
2964,night,mobile,Whitefurt
2965,evening,tablet,North David
2967,night,tablet,Sparkstown
2970,afternoon,desktop,Brightfurt
2971,afternoon,desktop,Griffithmouth
2974,night,tablet,East Frank
2979,morning,tablet,North Erikaborough
2981,evening,mobile,Zhangland
2982,night,mobile,North Ariana
2989,night,tablet,Mosleyburgh
2990,night,tablet,Yoderport
2992,afternoon,desktop,Bellburgh
2994,evening,tablet,West Chelsealand
2995,morning,tablet,East Tiffany
2997,morning,mobile,Bartlettfort
2998,afternoon,tablet,Port Billytown
3000,afternoon,tablet,Lucasberg
3001,afternoon,desktop,Port David
3004,morning,mobile,Gonzalesbury
3006,evening,desktop,Christopherburgh
3007,morning,tablet,Christinaview
3010,evening,tablet,Benderberg
3018,afternoon,tablet,West Michaelside
3020,night,tablet,North Amandaberg
3021,evening,desktop,Johnfort
3025,evening,desktop,Michaelchester
3026,afternoon,mobile,New Hectorville
3027,evening,tablet,Lake Angelaburgh
3031,afternoon,mobile,Sanchezville
3039,night,tablet,Bennettstad
3042,afternoon,desktop,Woodsborough
3043,afternoon,tablet,East Lynn
3046,evening,mobile,Obrienmouth
3052,morning,mobile,East Roger
3053,evening,tablet,South Amanda
3054,night,tablet,Westborough
3055,night,mobile,Lake Katherinehaven
3057,afternoon,mobile,Brittneychester
3061,night,mobile,Ashleyfort
3069,night,desktop,Cortezside
3076,evening,tablet,Gloverchester
3079,afternoon,tablet,Aimeeport
3080,afternoon,desktop,North Kelsey
3081,night,desktop,Lake Joshua
3084,evening,desktop,Amyshire
3087,evening,mobile,Port Christopher
3088,evening,mobile,Cabrerastad
3089,afternoon,desktop,Jessicatown
3093,morning,mobile,East Heather
3094,afternoon,mobile,Lake Sheila
3097,night,mobile,Fitzpatricktown
3101,afternoon,tablet,Christopherchester
3103,morning,tablet,East Elizabeth
3105,afternoon,desktop,New Julieside
3107,morning,desktop,Fernandezburgh
3108,afternoon,mobile,Port Elizabeth
3110,night,desktop,South Katiehaven
3111,night,tablet,East Cherylview
3115,afternoon,mobile,Santosborough
3116,evening,desktop,South Michaelshire
3118,morning,desktop,Yeseniafort
3119,afternoon,mobile,Harringtonbury
3120,morning,mobile,Martinland
3121,afternoon,mobile,Sextonhaven
3122,evening,desktop,East Anthonymouth
3123,evening,mobile,East Ashley
3126,morning,mobile,Erinview
3129,morning,mobile,Longtown
3132,morning,tablet,Kaylaland
3134,afternoon,tablet,Phillipsfurt
3135,morning,mobile,West Kimberly
3136,morning,mobile,Port Gregory
3138,night,mobile,Weissfurt
3139,morning,tablet,Lake Joshua
3143,morning,mobile,Washingtonfurt
3144,morning,tablet,West Bryan
3145,night,tablet,East Darleneshire
3149,night,mobile,Melissaton
3150,night,tablet,Christinetown
3151,morning,desktop,New Jamesfort
3152,night,desktop,South Williamberg
3158,evening,tablet,South Jennifer
3159,night,mobile,Lake Ashley
3160,afternoon,mobile,Jacksonchester
3161,night,tablet,Lamshire
3162,morning,mobile,Katherineshire
3165,morning,mobile,Kristimouth
3166,evening,tablet,New Christopherville
3168,afternoon,tablet,South Harold
3169,evening,mobile,Michaelburgh
3170,afternoon,mobile,Floreston
3174,afternoon,mobile,Port Geoffrey
3175,afternoon,mobile,Normafort
3178,evening,tablet,Laurenland
3180,morning,mobile,Rebekahmouth
3181,evening,mobile,Josephton
3182,evening,tablet,Danieltown
3183,morning,tablet,North Jessicaside
3184,evening,mobile,Thompsonfurt
3185,night,mobile,Bradleyview
3186,afternoon,mobile,Cantrelltown
3188,night,tablet,Jameston
3193,evening,desktop,West Donald
3194,evening,mobile,Morganshire
3195,afternoon,tablet,West Davidhaven
3196,afternoon,tablet,Susanport
3198,morning,desktop,North Bradville
3199,night,mobile,East Valerie
3201,evening,mobile,West Carolynbury
3202,night,desktop,East Robertbury
3204,evening,desktop,Lake Benjamin
3206,evening,mobile,Benjaminside
3207,night,tablet,Katherineborough
3208,night,desktop,Rowefort
3209,morning,mobile,West Shawn
3211,evening,desktop,Fostertown
3213,night,tablet,Mercedeston
3220,evening,desktop,Brownmouth
3221,morning,mobile,Sarahland
3225,night,desktop,Stephaniebury
3231,morning,tablet,East Paula
3232,night,desktop,Port Rhonda
3234,morning,desktop,Port Jilltown
3235,evening,mobile,Lake Corey
3238,evening,tablet,East Ashleyside
3239,evening,tablet,Ortizville
3241,afternoon,tablet,Port Bradleytown
3243,evening,desktop,Karenborough
3244,night,mobile,Darrenfurt
3245,afternoon,tablet,Arnoldfort
3246,evening,desktop,North Sandra
3247,afternoon,mobile,Lake Melindafort
3250,evening,desktop,Port Danielchester
3251,evening,desktop,Marychester
3252,morning,desktop,Lake Katherinehaven
3253,evening,mobile,Lake Douglasstad
3254,afternoon,tablet,Karentown
3256,morning,mobile,Lake Patricia
3257,night,desktop,Port Lynnview
3261,night,desktop,Port Dianemouth
3262,morning,desktop,Christinatown
3266,morning,tablet,Savannahberg
3267,evening,desktop,Matthewborough
3268,afternoon,desktop,Davidbury
3269,afternoon,mobile,Taylorville
3270,morning,desktop,Danielfort
3271,evening,mobile,North Lindsayville
3273,evening,desktop,Darylchester
3275,evening,desktop,Guzmanside
3276,afternoon,mobile,West Candiceberg
3279,afternoon,tablet,North Angelica
3282,night,mobile,Davidshire
3283,afternoon,desktop,South Krystaltown
3285,afternoon,mobile,East Anthony
3287,afternoon,desktop,West Karen
3289,afternoon,tablet,Schneidershire
3293,afternoon,mobile,North Dennistown
3296,afternoon,tablet,Clayborough
3298,evening,mobile,Stephaniestad
3299,night,desktop,West Kenneth
3301,evening,tablet,East Charlotte
3302,afternoon,tablet,Woodberg
3303,evening,desktop,West Charles
3304,morning,desktop,Dunnmouth
3308,night,mobile,Lindamouth
3309,morning,desktop,Stephenmouth
3310,afternoon,tablet,Bellbury
3314,afternoon,mobile,Lambertville
3316,evening,desktop,Hallshire
3317,morning,desktop,Port Alexandraborough
3318,afternoon,tablet,Lisabury
3319,morning,desktop,Markburgh
3320,night,mobile,West Lesliemouth
3325,morning,desktop,Madisonton
3328,afternoon,tablet,Port Kendrachester
3331,morning,mobile,South Janetmouth
3334,evening,tablet,East Jeremy
3335,morning,desktop,Michellechester
3336,afternoon,mobile,West Samanthaport
3338,afternoon,mobile,West Jennaburgh
3339,night,desktop,Port Roberto
3344,night,mobile,Gonzalezhaven
3350,evening,tablet,Stevetown
3351,afternoon,mobile,New Jessicamouth
3352,evening,mobile,Port Frankview
3355,afternoon,mobile,Andersonchester
3356,morning,desktop,East Aaron
3360,evening,mobile,Youngland
3365,night,desktop,South Brandonview
3367,evening,desktop,North Williamfort
3368,night,desktop,West Jamie
3372,night,mobile,Christianview
3373,morning,desktop,Youngmouth
3375,night,tablet,Lake Debra
3376,evening,desktop,East Justinview
3381,afternoon,mobile,Annville
3383,morning,mobile,Amandahaven
3384,morning,mobile,Jamesstad
3387,evening,tablet,Lake Julian
3395,afternoon,tablet,Brownmouth
3398,morning,desktop,Lewisside
3399,afternoon,mobile,Port Jermaineport
3400,evening,mobile,South Danburgh
3405,morning,mobile,Rangelport
3407,morning,tablet,Lake Kylefurt
3408,evening,tablet,Lake Bryanfurt
3414,afternoon,desktop,South Randy
3418,afternoon,mobile,Lake Johntown
3421,afternoon,tablet,East Bethside
3422,evening,tablet,Troybury
3423,afternoon,desktop,Johnland
3424,evening,tablet,Simmonsmouth
3426,evening,desktop,Calderonton
3429,evening,mobile,Simmonshaven
3431,afternoon,tablet,Coryside
3433,evening,mobile,South Nicole
3436,afternoon,mobile,Keithton
3437,morning,mobile,Doughertymouth
3439,evening,mobile,Lindsayhaven
3441,night,mobile,Johnsonfurt
3443,afternoon,mobile,West Cheyenne
3445,afternoon,mobile,New Timothybury
3447,morning,tablet,Edwardsmouth
3448,afternoon,tablet,Lake David
3451,afternoon,mobile,Johnstonbury
3457,afternoon,desktop,East Jeremytown
3460,morning,tablet,East Jill
3463,evening,mobile,East Valerie
3467,morning,tablet,Fullerton
3468,afternoon,tablet,South Timothy
3469,night,desktop,Jasonview
3470,night,tablet,Howardmouth
3472,morning,tablet,Port Kathy
3473,evening,mobile,South Timothy
3474,morning,mobile,Colonville
3476,evening,mobile,Lake Williamstad
3477,evening,tablet,Parkermouth
3479,afternoon,tablet,West Danielside
3481,morning,mobile,Lake Gary
3482,morning,desktop,New Tonya
3483,night,desktop,New Christina
3490,evening,tablet,East Williamfurt
3491,afternoon,tablet,Port Donald
3492,afternoon,desktop,Port Heather
3493,evening,desktop,Nicoleton
3494,evening,mobile,Navarroton
3495,night,mobile,New Jillstad
3503,evening,tablet,East Jerry
3506,afternoon,desktop,Kellyfurt
3507,afternoon,desktop,Carolineview
3510,afternoon,desktop,North Mariaton
3511,night,mobile,Cruzside
3513,night,mobile,Anthonybury
3514,night,mobile,Jeremybury
3516,morning,tablet,East Jamesfort
3517,morning,tablet,Coreyview
3518,evening,tablet,Port Cassandra
3519,night,desktop,North Sherylfort
3521,morning,mobile,Bryanchester
3522,night,mobile,East Thomaschester
3523,afternoon,desktop,New Jeffrey
3524,night,mobile,Joneshaven
3525,afternoon,mobile,Perezhaven
3526,evening,tablet,Simmonsfurt
3527,morning,desktop,Lake Garyside
3528,night,tablet,Bennettfurt
3529,night,tablet,Toniburgh
3530,evening,desktop,Craigville
3532,afternoon,desktop,Perezstad
3533,evening,desktop,New Ryan
3534,morning,tablet,Jillville
3535,morning,mobile,Richardland
3536,morning,mobile,Howellhaven
3538,night,desktop,Averyborough
3539,morning,desktop,Lake Laurenfort
3540,morning,tablet,North Jamesburgh
3542,night,tablet,Jamesborough
3544,evening,mobile,Lake Alexa
3545,night,desktop,East Danielfurt
3547,evening,desktop,Stephaniefort
3548,evening,mobile,East Davidville
3549,afternoon,mobile,West Tina
3552,night,mobile,New David
3554,night,tablet,North Nicoleview
3556,afternoon,desktop,Lake Jacobfort
3557,morning,desktop,New Davidfurt
3558,night,mobile,Port Ana
3559,evening,desktop,Gonzaleshaven
3561,evening,desktop,North Christopher
3562,morning,desktop,North Susantown
3563,night,mobile,North Donna
3565,morning,desktop,Padillaville
3570,night,mobile,Lake Douglas
3572,afternoon,desktop,Hernandezshire
3574,night,desktop,West Charlotte
3577,afternoon,tablet,Rileyside
3578,evening,mobile,Port Karen
3583,evening,desktop,Brownshire
3584,morning,mobile,Bakershire
3585,morning,desktop,Port Jared
3587,morning,desktop,Daniellemouth
3590,night,tablet,New Chelseahaven
3591,evening,desktop,Harveyview
3593,morning,desktop,Jillianborough
3595,night,desktop,East Derekview
3596,night,mobile,Lake Tinafurt
3597,afternoon,mobile,Ronaldfurt
3599,night,desktop,Lake Vincent
3600,night,desktop,Alvaradoport
3602,afternoon,tablet,Hoganview
3609,afternoon,mobile,Robertland
3610,evening,desktop,East Michael
3613,night,tablet,Flynnbury
3616,morning,mobile,Christietown
3617,night,tablet,Jeremyport
3618,night,desktop,Lake Joshua
3619,morning,mobile,Brendahaven
3621,night,tablet,East Juliaview
3628,afternoon,tablet,East Sherry
3629,evening,desktop,North Stephanie
3630,night,tablet,Wilcoxmouth
3636,evening,tablet,Port Brittany
3637,night,mobile,North Priscillaville
3638,afternoon,mobile,Lake Jennifer
3639,night,desktop,West Crystal
3640,afternoon,tablet,Brownhaven
3641,afternoon,mobile,Ginamouth
3646,afternoon,tablet,Stephanieshire
3647,night,desktop,East Meganberg
3650,afternoon,tablet,Debbiemouth
3652,morning,tablet,Lake John
3654,night,mobile,North Lisa
3655,afternoon,desktop,Amandashire
3660,afternoon,desktop,Williamsfurt
3661,morning,tablet,South Michael
3662,night,desktop,Doughertyborough
3665,afternoon,desktop,Port Sarahton
3666,night,tablet,Lake Timothybury
3667,evening,mobile,Port Brittanyfort
3669,morning,desktop,Howechester
3670,morning,desktop,Cuevasside
3671,morning,desktop,West Jeremybury
3672,evening,tablet,Oliviaborough
3673,evening,desktop,South Trevorhaven
3674,evening,tablet,Racheltown
3676,evening,mobile,East Sharonstad
3677,night,mobile,Cherylstad
3680,evening,mobile,North Jennifer
3681,evening,mobile,Rogersberg
3682,evening,mobile,Sandovalside
3683,afternoon,desktop,Jonesside
3685,morning,mobile,North Candace
3686,afternoon,tablet,East Lanceshire
3688,evening,tablet,Deleonbury
3689,afternoon,tablet,New Christopher
3691,morning,desktop,Port Joelton
3693,morning,mobile,Taylorburgh
3700,morning,desktop,Laurenton
3702,night,tablet,New Jenniferside
3704,night,tablet,Edwardmouth
3707,evening,tablet,West Patriciaview
3708,night,tablet,Elizabethland
3709,morning,desktop,Matthewberg
3711,morning,mobile,South Joseph
3714,evening,desktop,Adamston
3722,night,desktop,Mirandaberg
3723,night,mobile,West Williamville
3724,evening,desktop,South Joshuahaven
3727,night,mobile,West Cherylbury
3728,night,desktop,Stephanieshire
3729,evening,mobile,Lopezfort
3730,evening,mobile,East Debra
3731,afternoon,mobile,Allisonhaven
3732,afternoon,tablet,Wrightland
3733,night,mobile,Tannershire
3734,evening,desktop,Oscarton
3735,afternoon,mobile,East Justinton
3737,night,tablet,Welchview
3738,morning,desktop,West Yolanda
3740,night,desktop,Nguyenshire
3741,afternoon,desktop,Brittanytown
3746,night,desktop,Michaelborough
3748,morning,desktop,Alvarezland
3750,evening,mobile,East Steven
3751,evening,mobile,Rachaelbury
3752,afternoon,tablet,West Charles
3753,evening,desktop,Allenfort
3755,afternoon,mobile,Griffinport
3758,evening,desktop,Danielburgh
3759,evening,desktop,Lake Sierrahaven
3761,morning,tablet,Aguilarchester
3765,evening,desktop,Jillfort
3766,evening,mobile,Lake Carol
3767,evening,tablet,Mirandaland
3770,afternoon,mobile,Scotthaven
3771,night,mobile,Loweryshire
3772,night,desktop,Stoutfurt
3774,morning,mobile,New Brianstad
3775,night,tablet,West Jennifer
3778,morning,desktop,South Kimberly
3779,night,tablet,Johnville
3780,morning,tablet,South Ian
3781,afternoon,tablet,North Erikaburgh
3782,night,tablet,Port Thomas
3784,night,tablet,Lake Maryberg
3793,night,desktop,East Yvonne
3795,night,mobile,Michaelchester
3796,evening,mobile,Justinshire
3799,afternoon,mobile,Bradleychester
3800,evening,desktop,Reynoldsside
3801,afternoon,desktop,East Tammy
3802,morning,tablet,Christopherchester
3803,evening,desktop,Markland
3804,night,tablet,Martinezburgh
3807,afternoon,mobile,Lake Amy
3810,evening,desktop,Lake Cindystad
3812,night,mobile,East Alexanderchester
3813,morning,mobile,Donnaland
3814,morning,desktop,Matthewport
3816,night,mobile,Lake Jorgeshire
3818,night,desktop,Franklinfurt
3819,morning,tablet,Bartlettstad
3820,evening,desktop,East Jackiemouth
3826,night,desktop,East Leah
3827,evening,desktop,Benjaminside
3831,afternoon,mobile,Brownshire
3833,evening,mobile,Davidmouth
3834,morning,desktop,Lopezstad
3835,morning,tablet,Lake Elizabethshire
3836,morning,tablet,Johnhaven
3837,afternoon,tablet,New Brian
3838,morning,desktop,North Gloriaton
3839,afternoon,mobile,Hansonburgh
3840,afternoon,desktop,Livingstonview
3842,morning,desktop,Mitchellshire
3844,afternoon,tablet,Beckburgh
3847,morning,tablet,New Darren
3849,morning,tablet,Michaelville
3850,evening,tablet,Perryside
3852,afternoon,mobile,Lake Philipview
3853,night,mobile,Huntport
3854,night,desktop,East Jean
3855,night,tablet,East Danielhaven
3856,afternoon,mobile,Lake Mariahaven
3859,morning,mobile,Ambertown
3861,morning,desktop,Ericburgh
3862,morning,mobile,Port Vicki
3863,evening,tablet,Mckayfort
3864,evening,desktop,Lake Tyler
3865,afternoon,mobile,Valerieton
3867,afternoon,desktop,West Jorgeton
3877,afternoon,desktop,Josehaven
3879,evening,mobile,Helenborough
3880,night,tablet,West Michellestad
3887,morning,tablet,Johnberg
3888,night,mobile,East Richardfurt
3889,morning,desktop,West Sharonland
3890,night,desktop,Bakermouth
3891,afternoon,mobile,Brownland
3893,evening,desktop,Janehaven
3894,evening,mobile,New Nicholasview
3895,night,tablet,Michaelberg
3898,evening,desktop,Johnnybury
3899,afternoon,desktop,Lake Sarah
3900,night,mobile,Maloneburgh
3901,afternoon,tablet,Stricklandtown
3902,morning,tablet,East James
3903,evening,tablet,South Andrewside
3904,evening,tablet,Lake Timothy
3906,night,tablet,Brettmouth
3909,night,tablet,West Jamesfort
3910,night,mobile,West Amandahaven
3911,night,tablet,Knightfurt
3912,afternoon,tablet,South Richard
3918,afternoon,desktop,Shannonberg
3919,morning,tablet,Tamaraborough
3920,night,desktop,New Jennifer
3924,afternoon,mobile,Hallburgh
3930,night,desktop,West Wayne
3935,night,desktop,Joshuaberg
3938,night,tablet,Port Brettport
3939,evening,mobile,Snydershire
3940,afternoon,mobile,Richardshire
3941,morning,tablet,North Amber
3942,afternoon,tablet,East Franciscoville
3943,afternoon,desktop,Karenberg
3944,morning,desktop,West David
3945,night,tablet,Michaelhaven
3947,evening,desktop,Port Bonnie
3950,evening,desktop,Justinborough
3951,night,mobile,Franklinview
3952,afternoon,desktop,Loganstad
3953,morning,tablet,Lake Aaronbury
3957,morning,desktop,Michellehaven
3958,evening,mobile,New Ashleyside
3959,evening,mobile,North Matthewside
3960,night,desktop,Jordanberg
3961,afternoon,desktop,South Heatherborough
3964,evening,mobile,Mistyburgh
3968,night,tablet,New Daniel
3971,night,tablet,East Franciscobury
3974,evening,mobile,Port Tamara
3975,evening,tablet,Karenport
3977,afternoon,desktop,Annastad
3978,evening,desktop,West Thomasmouth
3980,afternoon,tablet,Lake Tammy
3981,afternoon,desktop,New Coreyport
3983,night,mobile,Mercadoside
3985,afternoon,desktop,Patrickstad
3987,morning,mobile,Olsonborough
3988,afternoon,desktop,Samueltown
3989,afternoon,mobile,Rebeccaton
3991,night,desktop,Lawrencefurt
3994,night,mobile,Lake Andrea
3997,morning,mobile,North Carrie
3998,morning,tablet,Gutierrezfurt
4000,morning,desktop,Dannyhaven
4001,evening,tablet,Cassandraton
4002,evening,mobile,North Mitchell
4003,evening,desktop,Johnsonmouth
4004,afternoon,tablet,Stevensmouth
4007,morning,desktop,Allentown
4008,afternoon,mobile,Gabriellaport
4009,morning,mobile,Port Mariaborough
4010,morning,desktop,West Michael
4012,night,tablet,Elizabethburgh
4018,afternoon,mobile,Patrickberg
4019,evening,tablet,Francoport
4020,morning,tablet,Williamstown
4022,evening,desktop,South Brendafort
4023,night,mobile,Wardville
4025,afternoon,desktop,Stevenland
4027,morning,mobile,Port Robertshire
4028,night,mobile,New Miachester
4030,night,tablet,Russellborough
4032,morning,desktop,East Alejandrabury
4033,night,tablet,Hernandezshire
4035,afternoon,mobile,Port Cathy
4036,night,tablet,West William
4038,afternoon,desktop,Port Joshuaton
4041,night,mobile,Alejandromouth
4042,morning,mobile,East Isaiah
4043,afternoon,tablet,Michelleside
4045,night,mobile,Davidmouth
4046,afternoon,tablet,East Michelle
4047,evening,mobile,South George
4048,morning,tablet,South Andrewport
4050,afternoon,desktop,Susanhaven
4051,evening,mobile,Sarahborough
4052,evening,mobile,North Morgantown
4053,night,mobile,Salazarmouth
4054,afternoon,desktop,Westburgh
4056,night,tablet,South Thomas
4057,morning,tablet,East Christopherport
4059,morning,tablet,Smithport
4060,morning,tablet,Paulchester
4062,afternoon,mobile,Hugheshaven
4063,evening,desktop,Fitzpatrickport
4064,afternoon,mobile,Port Robertberg
4065,evening,mobile,Smithbury
4069,night,tablet,Atkinschester
4070,morning,tablet,East Kimberlyburgh
4071,morning,mobile,Oconnorville
4072,morning,tablet,Samuelmouth
4075,afternoon,mobile,Craigburgh
4078,night,desktop,South Reginafort
4081,evening,tablet,Amybury
4083,morning,mobile,North Shirleyview
4088,morning,desktop,South Nathanielshire
4089,afternoon,mobile,Donnafurt
4090,night,tablet,Christinemouth
4094,afternoon,mobile,Brownview
4095,night,desktop,Samuelside
4096,morning,tablet,Port Richardchester
4098,morning,desktop,Greenport
4103,morning,mobile,Lake Mark
4105,evening,mobile,Port Cody
4106,night,tablet,Christianland
4107,evening,mobile,Barbarahaven
4109,afternoon,mobile,South Sherritown
4112,night,desktop,Luceroview
4114,afternoon,desktop,New Anthonymouth
4115,evening,desktop,South Jasonmouth
4118,afternoon,tablet,North Victorport
4119,evening,tablet,Charlesberg
4120,morning,mobile,Justinside
4123,night,desktop,Kristieside
4125,evening,mobile,East Michael
4126,afternoon,desktop,East Judith
4128,morning,mobile,Berryberg
4129,morning,mobile,West Sandraburgh
4133,morning,mobile,Aaronport
4134,morning,desktop,Mooreborough
4135,morning,tablet,North Michele
4136,evening,desktop,North Michael
4137,afternoon,tablet,Samanthachester
4138,evening,mobile,Lake Omar
4139,morning,mobile,North Noah
4140,evening,mobile,Fowlershire
4142,morning,mobile,Stephensonfurt
4143,night,tablet,Grahamfurt
4145,morning,tablet,West Alanburgh
4146,morning,tablet,Lake Kristen
4148,evening,mobile,West Georgemouth
4150,morning,tablet,North Stacyborough
4152,evening,tablet,North Carolynshire
4153,evening,mobile,Olsonshire
4155,morning,desktop,Lake Spencerside
4160,afternoon,desktop,West Deborahchester
4164,afternoon,desktop,New Tina
4165,morning,mobile,Port Mariahburgh
4168,evening,tablet,New Toddfurt
4171,night,tablet,Debraberg
4174,afternoon,desktop,Nicoleland
4175,night,mobile,East Jennyland
4178,afternoon,mobile,South Leslieville
4179,evening,mobile,Hicksfurt
4181,afternoon,mobile,East Brianfort
4182,afternoon,tablet,South Gordon
4183,evening,mobile,Edwardview
4188,morning,tablet,East Anna
4191,evening,mobile,Lake Laurie
4192,afternoon,tablet,Vanessaville
4195,evening,mobile,Garzaville
4196,evening,desktop,Anthonychester
4198,afternoon,tablet,South Hannah
4201,evening,mobile,South Jeffreybury
4202,afternoon,mobile,Mcgeeport
4203,afternoon,tablet,Cynthiamouth
4206,evening,tablet,Port Sharon
4209,afternoon,tablet,West Renee
4210,morning,desktop,Woodville
4211,night,desktop,Phillipland
4214,morning,desktop,Maryfurt
4215,morning,mobile,Jonesfurt
4216,afternoon,desktop,Grahammouth
4217,afternoon,mobile,Port Matthew
4221,evening,tablet,West Tyler
4223,afternoon,mobile,Rachelborough
4224,morning,desktop,Kevinton
4228,evening,desktop,North Juliaburgh
4231,evening,mobile,North Matthew
4233,night,mobile,Lukeview
4234,morning,desktop,Tanyaport
4236,afternoon,mobile,Scottstad
4237,afternoon,tablet,South Erikaview
4241,evening,mobile,Michaelborough
4242,afternoon,mobile,Martinfort
4245,evening,mobile,New Ralph
4246,evening,tablet,Thompsonview
4248,morning,mobile,West Linda
4254,morning,desktop,Port Calvinfort
4256,evening,tablet,Lake Luistown
4258,morning,mobile,New Johnville
4259,morning,desktop,Lake Hannahville
4260,evening,tablet,New Taylor
4261,evening,mobile,Lake Lisafort
4262,night,desktop,New Madison
4263,afternoon,mobile,Sloanmouth
4264,morning,mobile,Duncanview
4266,afternoon,desktop,Tristanmouth
4267,afternoon,mobile,Jaredview
4270,morning,tablet,West Justinville
4271,evening,desktop,Ericksonhaven
4275,night,tablet,Browningberg
4276,morning,mobile,Guzmanchester
4277,evening,tablet,Timothychester
4281,morning,tablet,Shelleymouth
4282,night,mobile,East Michael
4285,morning,mobile,Hendricksberg
4286,night,tablet,Johnsonmouth
4293,afternoon,mobile,West Philipstad
4294,afternoon,desktop,West William
4295,morning,desktop,Rodriguezton
4298,evening,desktop,Lake Nicholas
4301,afternoon,mobile,Lake Scott
4302,evening,mobile,Mercadostad
4305,evening,desktop,Baxterton
4306,evening,mobile,Gabrielfurt
4309,evening,tablet,Millsfurt
4312,evening,desktop,Higginstown
4314,evening,desktop,Juliemouth
4315,afternoon,mobile,South Kerri
4317,evening,desktop,West Sophiaview
4320,evening,desktop,Michelleshire
4321,morning,mobile,Campbellbury
4322,afternoon,tablet,North Jacob
4323,night,desktop,Erinport
4324,afternoon,mobile,Tinafort
4328,afternoon,desktop,Walterfort
4329,night,mobile,South Jamesstad
4330,evening,tablet,New Danielle
4332,morning,mobile,Holmeschester
4336,morning,desktop,Lawrencefurt
4338,evening,tablet,South Christianburgh
4339,afternoon,desktop,New Garrett
4340,morning,mobile,North Alan
4341,evening,desktop,Curtisland
4344,afternoon,tablet,Amymouth
4346,evening,mobile,Lake Shawnaville
4348,night,mobile,Port Davidfurt
4352,night,desktop,East Barbara
4353,afternoon,mobile,East Davidchester
4354,morning,mobile,South Mary
4355,morning,tablet,Jonathantown
4360,evening,mobile,Lake Annamouth
4361,night,mobile,Stephaniehaven
4362,evening,mobile,Colemanstad
4366,afternoon,desktop,New Rebeccabury
4368,evening,mobile,Zacharyberg
4370,night,mobile,Perrybury
4371,afternoon,desktop,South Melissahaven
4374,afternoon,desktop,Lesterton
4375,evening,mobile,East Marisa
4376,morning,tablet,South Haileychester
4379,evening,tablet,Sarahchester
4381,morning,mobile,Williamton
4382,evening,mobile,Barnesberg
4383,night,mobile,Perryhaven
4385,afternoon,mobile,Baileystad
4386,night,tablet,Port Renee
4387,night,mobile,Josephbury
4389,afternoon,mobile,Cooperborough
4393,night,desktop,North Alexandriastad
4396,afternoon,mobile,East Taylor
4398,night,tablet,Port Julia
4401,evening,mobile,South Jerryfort
4403,night,tablet,Reevestown
4404,evening,tablet,Carrside
4406,morning,mobile,Gomezchester
4407,morning,desktop,Port Robin
4409,afternoon,mobile,Williamsshire
4413,evening,tablet,Jonathanside
4414,night,mobile,East Roger
4417,night,tablet,Pamelastad
4418,morning,tablet,Harveyton
4419,evening,mobile,Lake Mark
4421,morning,tablet,Martinfort
4423,evening,tablet,South David
4427,morning,tablet,East Ashleyshire
4428,morning,tablet,East Jordan
4430,afternoon,desktop,Richardmouth
4431,night,desktop,Ballardton
4432,night,desktop,Gonzaleztown
4435,evening,mobile,Lawsonville
4437,evening,tablet,Port Stephanie
4440,evening,desktop,Lake Luisshire
4442,night,desktop,Amyport
4443,morning,mobile,Dunlapville
4445,night,tablet,New Nicholas
4448,morning,desktop,Holmesshire
4453,evening,desktop,Georgeville
4454,afternoon,mobile,Fullermouth
4456,morning,mobile,Crystalmouth
4461,evening,tablet,Summerborough
4462,morning,desktop,West Monicaberg
4463,night,tablet,East Cheryl
4464,night,mobile,South Leslie
4469,afternoon,tablet,Kimberlyville
4471,evening,desktop,Lake Jennifer
4472,evening,mobile,Bennettstad
4473,afternoon,tablet,South Davidstad
4474,afternoon,tablet,East Joseph
4475,night,tablet,East Kathy
4479,afternoon,mobile,Chapmanborough
4481,night,mobile,Nicoleport
4485,night,mobile,Moraleston
4486,evening,tablet,South Jennifer
4487,night,mobile,Karenstad
4490,evening,desktop,Andrewchester
4492,night,tablet,Stevensonshire
4493,morning,mobile,Ryanshire
4494,afternoon,tablet,South Jennifer
4497,night,desktop,Amandaland
4498,night,mobile,North Brad
4499,morning,mobile,Wyattland
4504,afternoon,desktop,Port Walterville
4506,evening,mobile,Montoyachester
4507,night,mobile,West Hunter
4508,night,desktop,East Elizabethfurt
4509,night,desktop,Tonyfort
4510,afternoon,tablet,New Michelle
4511,morning,desktop,Kristinaberg
4514,morning,desktop,Acostabury
4515,morning,desktop,West Rick
4516,evening,desktop,East Melissamouth
4519,evening,tablet,New Josephborough
4527,morning,tablet,Wilsonchester
4534,evening,tablet,South Michael
4536,night,desktop,Danielleport
4537,morning,tablet,Port Andreamouth
4538,morning,tablet,Port Brittanyfort
4539,night,desktop,Miguelburgh
4540,evening,mobile,Mariahshire
4542,evening,mobile,Karenhaven
4543,evening,desktop,South Michael
4546,night,tablet,Jillshire
4548,afternoon,mobile,Lake Rhonda
4549,night,desktop,Charleston
4550,morning,mobile,East Meganstad
4551,evening,mobile,Kevinmouth
4553,afternoon,tablet,Perezview
4554,morning,desktop,New Jennifer
4555,afternoon,desktop,Melissabury
4561,morning,desktop,Johnchester
4563,morning,desktop,Claytonfort
4565,night,mobile,North Nicoleton
4566,morning,tablet,Sarahborough
4569,afternoon,desktop,Stevenburgh
4570,night,tablet,Huntton
4572,afternoon,desktop,North Sylvia
4573,afternoon,desktop,South Samuel
4574,morning,tablet,Erikahaven
4576,night,desktop,West Adam
4577,night,desktop,West Deborah
4581,evening,tablet,North Jeremy
4584,evening,tablet,Benjaminport
4585,evening,desktop,Josephshire
4588,afternoon,desktop,Levistad
4589,morning,tablet,Port Erikville
4592,afternoon,desktop,South Sarah
4594,evening,tablet,West Rachelport
4596,night,tablet,Roweberg
4599,night,mobile,Lauriefort
4601,evening,tablet,New Michael
4602,afternoon,mobile,Justinland
4605,afternoon,desktop,Johnstonstad
4609,evening,mobile,Matthewton
4610,night,tablet,North Alexandraton
4612,night,mobile,New Scott
4613,night,tablet,Leahbury
4614,afternoon,desktop,Dustinshire
4616,afternoon,mobile,Lake Vanessa
4618,morning,desktop,Rodriguezmouth
4619,night,tablet,Martinezmouth
4620,afternoon,desktop,Herrerashire
4621,afternoon,mobile,Lake Laurie
4622,night,mobile,Lisaborough
4624,night,tablet,Kramerville
4625,morning,desktop,Lake Catherineberg
4626,afternoon,tablet,Jessicaberg
4635,morning,mobile,Aaronberg
4639,night,tablet,Port Emilymouth
4643,afternoon,tablet,Valentineburgh
4646,afternoon,desktop,Port Leslie
4649,night,desktop,Collinston
4651,night,tablet,New Ashleychester
4652,night,tablet,East Michaelton
4660,night,mobile,Vincentside
4661,afternoon,mobile,Lake Jenniferhaven
4662,evening,tablet,Lisashire
4666,evening,mobile,Christophertown
4668,night,mobile,North Angelabury
4669,evening,desktop,Jamesview
4670,afternoon,mobile,Royton
4672,morning,mobile,East Elizabeth
4674,night,desktop,North Ruthberg
4676,afternoon,mobile,Sanchezfurt
4677,afternoon,tablet,Melissaland
4678,night,mobile,Lake Margaretborough
4680,night,mobile,Alexton
4681,afternoon,tablet,South Davidbury
4685,afternoon,desktop,Contrerasside
4687,evening,mobile,Ramseystad
4688,afternoon,mobile,North Erica
4689,night,mobile,Leachmouth
4690,evening,tablet,Elliottshire
4692,evening,tablet,South Jessicamouth
4696,morning,mobile,Ballton
4697,evening,desktop,Elizabethborough
4701,morning,mobile,Christophermouth
4704,afternoon,tablet,New Brandonbury
4706,evening,tablet,New Erin
4707,morning,mobile,Port Jonathan
4708,morning,desktop,West Lisa
4709,morning,tablet,Port Jason
4711,morning,mobile,Cameronfurt
4713,evening,tablet,South Charleshaven
4714,night,desktop,South Robertburgh
4718,evening,mobile,Rogersmouth
4720,evening,mobile,Port Christopher
4722,morning,desktop,Port Catherineton
4724,morning,desktop,Rodriguezland
4725,afternoon,mobile,South Lisastad
4728,evening,desktop,North Kenneth
4729,night,tablet,Lake Sarah
4733,evening,mobile,Port Alexistown
4734,evening,desktop,Maryview
4737,afternoon,mobile,Nguyentown
4739,morning,mobile,New Kathleenberg
4740,night,mobile,Maychester
4741,evening,desktop,Port Kimberly
4746,morning,desktop,North Sarahport
4747,evening,desktop,Tylerhaven
4748,morning,tablet,Chadton
4750,evening,mobile,Leemouth
4751,evening,mobile,Jamestown
4752,morning,mobile,Lake Emily
4754,afternoon,desktop,Ryanmouth
4756,morning,tablet,Ashleyshire
4760,morning,desktop,Port Michael
4761,night,mobile,Matthewshire
4762,night,desktop,Crystalmouth
4763,evening,tablet,West Caitlin
4764,afternoon,tablet,Richardborough
4766,evening,mobile,Morrisonmouth
4767,evening,mobile,North Tanya
4768,night,tablet,Ricemouth
4770,night,tablet,South Rebeccafurt
4772,evening,mobile,Brownview
4774,night,mobile,North Katherine
4778,afternoon,desktop,Kimberlystad
4783,morning,tablet,Jameschester
4787,afternoon,mobile,Port Shawnstad
4788,afternoon,desktop,Port Lauren
4790,afternoon,desktop,Port Monicaland
4792,night,mobile,North Tracymouth
4796,evening,desktop,West Mary
4798,morning,mobile,Molinastad
4799,morning,desktop,New Linda
4802,evening,tablet,Wilsonstad
4804,night,mobile,New Tara
4805,evening,desktop,South Amy
4807,morning,desktop,Alexandriaport
4809,night,tablet,New Paul
4810,evening,tablet,Martinezberg
4812,morning,mobile,Josefurt
4813,afternoon,mobile,Port Brian
4815,night,desktop,Port Michele
4816,night,mobile,Diazton
4820,evening,desktop,West Lindsayshire
4821,morning,mobile,East Rodneyfort
4825,evening,tablet,Kevinfort
4827,morning,desktop,Jamesside
4828,afternoon,mobile,North Whitneytown
4830,afternoon,tablet,Joannachester
4832,night,mobile,Richardmouth
4835,evening,desktop,West Keithville
4836,night,tablet,North Ryan
4839,evening,desktop,North Denise
4840,afternoon,tablet,South Emily
4841,afternoon,mobile,West Meghanfort
4842,evening,tablet,Brianfort
4845,afternoon,mobile,East Michaelview
4848,morning,tablet,Morrismouth
4850,afternoon,tablet,Sullivanbury
4853,afternoon,tablet,Lewisburgh
4854,morning,tablet,West Toddview
4856,evening,tablet,Barronshire
4860,night,desktop,West Raymondport
4861,night,tablet,North Carolyn
4863,evening,tablet,Ericksonchester
4866,night,desktop,Mcdanielfurt
4867,night,desktop,Port Nicoletown
4868,night,tablet,Thompsonview
4869,morning,mobile,Kemptown
4871,afternoon,mobile,Derricktown
4873,afternoon,desktop,East Kelly
4874,night,mobile,Lake Jennifer
4876,evening,tablet,West Jeffrey
4877,morning,desktop,Smallshire
4879,morning,tablet,West Amber
4880,evening,desktop,North Michael
4881,afternoon,mobile,Raymondfurt
4882,afternoon,desktop,Hernandezstad
4885,morning,tablet,South Jacob
4887,afternoon,desktop,North Matthew
4888,evening,desktop,West Jonathanmouth
4889,evening,desktop,East Rita
4897,afternoon,tablet,East Jason
4898,morning,tablet,Nathanville
4903,afternoon,mobile,Morganberg
4905,evening,tablet,Manuelshire
4906,afternoon,desktop,Lake Annetown
4907,evening,tablet,North Mikeland
4908,morning,tablet,North Shawntown
4909,night,desktop,South Andrew
4910,afternoon,mobile,East Josephside
4911,afternoon,tablet,Jacksonburgh
4914,evening,desktop,Stewartborough
4915,morning,desktop,Lake Michaelmouth
4916,night,tablet,Lake Keithport
4917,afternoon,mobile,East Deniseview
4919,evening,mobile,Rodriguezbury
4920,afternoon,mobile,Feliciaville
4922,morning,desktop,New Shawn
4925,morning,mobile,Lindabury
4929,morning,mobile,North Natalie
4935,evening,desktop,West Timothyside
4942,afternoon,mobile,Tuckerbury
4943,evening,tablet,New Angela
4946,morning,desktop,Sherryburgh
4947,evening,mobile,Port Charlesport
4949,morning,desktop,East Vincent
4950,evening,mobile,East Jacobside
4951,morning,mobile,Butlerville
4952,afternoon,mobile,Clarkfort
4957,evening,tablet,Lake Michelle
4959,evening,desktop,Judyport
4960,afternoon,desktop,Fishermouth
4963,afternoon,mobile,Ashleyton
4964,morning,desktop,Charleshaven
4965,afternoon,tablet,Sheenaside
4969,night,desktop,Lake Christopher
4971,night,tablet,Hallstad
4972,night,desktop,Morsemouth
4974,evening,mobile,Johnsontown
4975,evening,tablet,East Alisha
4976,evening,tablet,Davisport
4977,night,desktop,East Kennethville
4979,morning,desktop,Port Alice
4980,morning,tablet,East Johnfort
4981,night,mobile,Lake Michael
4982,morning,mobile,Lowestad
4984,afternoon,desktop,East Maria
4987,afternoon,tablet,North Christophershire
4988,evening,mobile,Amandastad
4989,morning,mobile,New Gina
4993,morning,tablet,Jonesfurt
4994,morning,mobile,North Rebeccaport
4995,night,tablet,Elizabethton
4997,afternoon,mobile,Christopherton
4999,afternoon,tablet,West Randy
2530,afternoon,desktop,unknown
2531,afternoon,desktop,unknown
2532,night,desktop,unknown
2533,night,desktop,unknown
2534,night,desktop,unknown
2535,night,desktop,unknown
2536,night,desktop,unknown
2537,night,desktop,unknown
2538,night,desktop,unknown
2539,morning,desktop,unknown
2540,morning,desktop,unknown
2541,morning,desktop,unknown
2542,afternoon,desktop,unknown
2543,afternoon,desktop,unknown
2544,afternoon,desktop,unknown
2545,afternoon,desktop,unknown
2546,afternoon,desktop,unknown
2547,afternoon,desktop,unknown
2548,afternoon,desktop,unknown
2549,afternoon,desktop,unknown
2550,afternoon,desktop,unknown
2551,afternoon,desktop,unknown
2552,afternoon,desktop,unknown
2553,afternoon,desktop,unknown
2554,afternoon,desktop,unknown
2555,afternoon,desktop,unknown
2556,morning,desktop,unknown
2557,morning,desktop,unknown
2558,morning,desktop,unknown
2559,morning,desktop,unknown
2560,morning,desktop,unknown
2561,morning,desktop,unknown
2562,afternoon,desktop,unknown
