user_id,age,gender,location
101,44,Male,Brandonstad
102,30,Female,North Robin
103,22,Female,West Johnshire
104,20,Female,Davidtown
105,18,Male,South Sarahborough
106,28,Male,Reedstad
107,41,Male,Nelsonburgh
108,26,Female,Holmesview
109,34,Female,Port Edwardport
110,38,Female,South Zacharyborough
111,32,Male,Port Sally
112,29,Male,New Amandafort
113,20,Male,North Deannaland
114,33,Male,Jessicafurt
115,24,Male,Jamesbury
116,18,Female,Port John
117,43,Male,West Cristian
118,18,Male,Port Martha
119,20,Male,Williamhaven
120,28,Male,New Lisa
121,40,Male,Hawkinsstad
122,19,Male,South Faith
123,18,Female,Andersonhaven
124,36,Female,Mclaughlinland
125,40,Female,Lake Joshua
126,47,Female,Odonnellton
127,31,Female,New Kimberlyfort
128,23,Male,North Patrickland
129,38,Male,Steventon
130,18,Male,South Felicia
131,20,Male,New Felicia
132,36,Male,Jerometown
133,20,Male,Phillipsshire
134,22,Male,Simonmouth
135,18,Female,Hansonstad
136,18,Female,East Sierra
137,31,Male,Michelleville
138,35,Male,Douglasville
139,29,Male,Lopezport
140,25,Male,Bradshawborough
141,24,Male,Donaldport
142,29,Male,Sharpland
143,34,Male,South Christophertown
144,31,Male,East Tina
145,29,Female,South Davidfurt
146,24,Male,Lake Samantha
147,32,Male,Kristinchester
148,40,Male,Marioside
149,18,Male,Watsonburgh
150,32,Male,East Vanessaport
151,18,Male,Mariahview
152,25,Male,Port Katelyn
153,31,Male,New Tiffanyside
154,41,Female,Katrinaburgh
155,40,Female,East David
156,20,Male,East Jared
157,18,Male,East Deborah
158,25,Female,New Lynn
159,25,Female,West Margarettown
160,18,Female,West Jennachester
161,29,Male,New Robertport
162,24,Male,Rodriguezville
163,30,Female,New Nancy
164,37,Male,Michaelmouth
165,29,Female,South Lisa
166,38,Female,Hillstad
167,27,Female,Hughesborough
168,41,Female,Thomashaven
169,48,Male,Johnburgh
170,28,Male,West Johnfort
171,39,Male,West Autumnfort
172,18,Female,West Michelle
173,36,Male,Jamesview
174,18,Male,Port Brandonmouth
175,38,Male,Lake Williamburgh
176,18,Female,North Margaret
177,20,Female,Delgadobury
178,39,Male,Lake Rachael
179,53,Female,Lake Ryanbury
180,31,Male,North Davidchester
181,25,Male,Howellmouth
182,36,Male,Alexanderstad
183,19,Female,Smithfurt
184,21,Female,North Laurenmouth
185,41,Female,Vancefort
186,34,Male,Gomezhaven
187,44,Male,Lake Annemouth
188,43,Male,West Christopher
189,27,Female,Lake Timothy
190,28,Female,Marytown
191,44,Female,Port Destiny
192,35,Female,New Randybury
193,32,Male,Travisfort
194,36,Female,South Crystalland
195,28,Male,New Michael
196,40,Female,East Larry
197,37,Female,Steinberg
198,18,Male,New Alfred
199,27,Female,South Ericport
200,24,Male,Kathleenhaven
201,26,female,alleppo
202,35,male,damascus
